site,species_code,chinese_name,latin_name,family,genus_cn,source,latin_missing
cbl,LOCH,红花檵木,Loropetalum chinense,金缕梅科,_木属,splist/original/census_2022_cbl.csv,FALSE
cbl,PABU,橉木,Padus buergeriana,蔷薇科,稠李属,splist/original/census_2022_cbl.csv,FALSE
cbl,AKTR,三叶木通,Akebia trifoliata,木通科,木通属,splist/original/census_2022_cbl.csv,FALSE
cbl,CEFO,三尖杉,Cephalotaxus fortunei,三尖杉科,三尖杉属,splist/original/census_2022_cbl.csv,FALSE
cbl,ILTR,三花冬青,Ilex triflora,冬青科,冬青属,splist/original/census_2022_cbl.csv,FALSE
cbl,RETH,两广梭罗,Reevesia thyrsoidea,梧桐科,梭罗树属,splist/original/census_2022_cbl.csv,FALSE
cbl,ACCH,中华猕猴桃,Actinidia chinensis,猕猴桃科,猕猴桃属,splist/original/census_2022_cbl.csv,FALSE
cbl,PHBE,中华石楠,Photinia beauverdiana,蔷薇科,石楠属,splist/original/census_2022_cbl.csv,FALSE
cbl,PHTA,乌心楠,Phoebe tavoyana,樟科,楠属,splist/original/census_2022_cbl.csv,FALSE
cbl,DIER,乌材,Diospyros eriantha,柿树科,柿树属,splist/original/census_2022_cbl.csv,FALSE
cbl,LIAG,乌药,Lindera aggregata,樟科,山胡椒属,splist/original/census_2022_cbl.csv,FALSE
cbl,CAJA,乌蔹莓,Cayratia japonica,葡萄科,乌蔹莓属,splist/original/census_2022_cbl.csv,FALSE
cbl,EUDI,二列叶柃,Eurya distichophylla,山茶科,柃木属,splist/original/census_2022_cbl.csv,FALSE
cbl,NEAU,云和新木姜子,Neolitsea aurata var. paraciculata,樟科,新木姜子属,splist/original/census_2022_cbl.csv,FALSE
cbl,PEEU,五列木,Pentaphylax euryoides,五列木科,五列木属,splist/original/census_2022_cbl.csv,FALSE
cbl,ACCA,京梨猕猴桃,Actinidia callosa var. henryi,猕猴桃科,猕猴桃属,splist/original/census_2022_cbl.csv,FALSE
cbl,CANI,亮叶崖豆藤,Callerya nitida,蝶形花科,鸡血藤属,splist/original/census_2022_cbl.csv,FALSE
cbl,BELU,亮叶桦,Betula luminifera,桦木科,桦木属,splist/original/census_2022_cbl.csv,FALSE
cbl,ARLU,亮叶猴耳环,Archidendron lucidum,含羞草科,猴耳环属,splist/original/census_2022_cbl.csv,FALSE
cbl,SALU,亮叶雀梅藤,Sageretia lucida,鼠李科,雀梅藤属,splist/original/census_2022_cbl.csv,FALSE
cbl,BRSI,伯乐树,Bretschneidera sinensis,伯乐树科,伯乐树属,splist/original/census_2022_cbl.csv,FALSE
cbl,SYLA,光叶山矾,Symplocos lancifolia,山矾科,山矾属,splist/original/census_2022_cbl.csv,FALSE
cbl,PIGL,光叶海桐,Pittosporum glabratum,海桐花科,海桐花属,splist/original/census_2022_cbl.csv,FALSE
cbl,UVBO,光叶紫玉盘,Uvaria boniana,番荔枝科,紫玉盘属,splist/original/census_2022_cbl.csv,FALSE
cbl,ORGL,光叶红豆,Ormosia glaberrima,蝶形花科,红豆属,splist/original/census_2022_cbl.csv,FALSE
cbl,LAMA,全缘桂樱,Laurocerasus marginata,蔷薇科,桂樱属,splist/original/census_2022_cbl.csv,FALSE
cbl,PYAT,全缘火棘,Pyracantha atalantioides,蔷薇科,火棘属,splist/original/census_2022_cbl.csv,FALSE
cbl,ALCH,八角枫,Alangium chinense,八角枫科,八角枫属,splist/original/census_2022_cbl.csv,FALSE
cbl,ILCH,冬青,Ilex chinensis,冬青科,冬青属,splist/original/census_2022_cbl.csv,FALSE
cbl,MAPA,刨花润楠,Machilus pauhoi,樟科,润楠属,splist/original/census_2022_cbl.csv,FALSE
cbl,LASP,刺叶桂樱,Laurocerasus spinulosa,蔷薇科,桂樱属,splist/original/census_2022_cbl.csv,FALSE
cbl,BYGR,刺果藤,Byttneria grandifolia,梧桐科,刺果藤属,splist/original/census_2022_cbl.csv,FALSE
cbl,MALE,华东润楠,Machilus leptophylla,樟科,润楠属,splist/original/census_2022_cbl.csv,FALSE
cbl,CACR,华南云实,Caesalpinia crista,苏木科,云实属,splist/original/census_2022_cbl.csv,FALSE
cbl,LOCO,华南忍冬,Lonicera confusa,忍冬科,忍冬属,splist/original/census_2022_cbl.csv,FALSE
cbl,LIGR,华南木姜子,Litsea greenmaniana,樟科,木姜子属,splist/original/census_2022_cbl.csv,FALSE
cbl,CIAU,华南桂,Cinnamomum austrosinense,樟科,樟属,splist/original/census_2022_cbl.csv,FALSE
cbl,SYAU,华南蒲桃,Syzygium austrosinense,桃金娘科,蒲桃属,splist/original/census_2022_cbl.csv,FALSE
cbl,SCCH,华南青皮木,Schoepfia chinensis,铁青树科,青皮木属,splist/original/census_2022_cbl.csv,FALSE
cbl,ELCH,华杜英,Elaeocarpus chinensis,杜英科,杜英属,splist/original/census_2022_cbl.csv,FALSE
cbl,MACH,华润楠,Machilus chinensis,樟科,润楠属,splist/original/census_2022_cbl.csv,FALSE
cbl,KALO,南五味子,Kadsura longipedunculata,五味子科,南五味子属,splist/original/census_2022_cbl.csv,FALSE
cbl,VABR,南烛,Vaccinium bracteatum,越桔科,越桔属,splist/original/census_2022_cbl.csv,FALSE
cbl,CEOR,南蛇藤,Celastrus orbiculatus,卫矛科,南蛇藤属,splist/original/census_2022_cbl.csv,FALSE
cbl,CHAX,南酸枣,Choerospondias axillaris,漆树科,南酸枣属,splist/original/census_2022_cbl.csv,FALSE
cbl,ILEL,厚叶冬青,Ilex elmerrilliana,冬青科,冬青属,splist/original/census_2022_cbl.csv,FALSE
cbl,EMPA,厚叶白花酸藤果,Embelia ribes subsp. pachyphylla,紫金牛科,酸藤子属,splist/original/census_2022_cbl.csv,FALSE
cbl,CRCHS,厚壳桂,Cryptocarya chinensis,樟科,厚壳桂属,splist/original/census_2022_cbl.csv,FALSE
cbl,TEGY,厚皮香,Ternstroemia gymnanthera,山茶科,厚皮香属,splist/original/census_2022_cbl.csv,FALSE
cbl,FIVAR,变叶榕,Ficus variolosa,桑科,榕属,splist/original/census_2022_cbl.csv,FALSE
cbl,ILFO,台湾冬青,Ilex formosana,冬青科,冬青属,splist/original/census_2022_cbl.csv,FALSE
cbl,FIFO,台湾榕,Ficus formosana,桑科,榕属,splist/original/census_2022_cbl.csv,FALSE
cbl,ACCON,台湾相思,Acacia confusa,含羞草科,金合欢属,splist/original/census_2022_cbl.csv,FALSE
cbl,ENQU,吊钟花,Enkianthus quinqueflorus,杜鹃花科,吊钟花属,splist/original/census_2022_cbl.csv,FALSE
cbl,CICA,土肉桂,Cinnamomum cassia,樟科,樟属,splist/original/census_2022_cbl.csv,FALSE
cbl,IULCA,多脉榆,Ulmus castaneifolia,榆科,榆属,splist/original/census_2022_cbl.csv,FALSE
cbl,BEFL,多花勾儿茶,Berchemia floribunda,鼠李科,勾儿茶属,splist/original/census_2022_cbl.csv,FALSE
cbl,GAMU,多花山竹子,Garcinia multiflora,藤黄科,藤黄属,splist/original/census_2022_cbl.csv,FALSE
cbl,NELE,大叶新木姜子,Neolitsea levinei,樟科,新木姜子属,splist/original/census_2022_cbl.csv,FALSE
cbl,LAZI,大叶桂樱,Laurocerasus zippeliana,蔷薇科,桂樱属,splist/original/census_2022_cbl.csv,FALSE
cbl,ZAMY,大叶臭花椒,Zanthoxylum myriacanthum,芸香科,花椒属,splist/original/census_2022_cbl.csv,FALSE
cbl,LILA,大果木姜子,Litsea lancilimba,樟科,木姜子属,splist/original/census_2022_cbl.csv,FALSE
cbl,CLCY,大青,Clerodendrum cyrtophyllum,马鞭草科,大青属,splist/original/census_2022_cbl.csv,FALSE
cbl,HOCO,天料木,Homalium cochinchinense,天料木科,天料木属,splist/original/census_2022_cbl.csv,FALSE
cbl,ALCO,天香藤,Albizia corniculata,含羞草科,合欢属,splist/original/census_2022_cbl.csv,FALSE
cbl,SYCH,子凌蒲桃,Syzygium championii,桃金娘科,蒲桃属,splist/original/census_2022_cbl.csv,FALSE
cbl,SYCO,密花山矾,Symplocos congesta,山矾科,山矾属,splist/original/census_2022_cbl.csv,FALSE
cbl,MYSE,密花树,Myrsine seguinii,紫金牛科,铁仔属,splist/original/census_2022_cbl.csv,FALSE
cbl,FIHIS,对叶榕,Ficus hispida,桑科,榕属,splist/original/census_2022_cbl.csv,FALSE
cbl,GNPA,小叶买麻藤,Gnetum parvifolium,买麻藤科,买麻藤属,splist/original/census_2022_cbl.csv,FALSE
cbl,ANMO,小叶五月茶,Antidesma montanum var. microphyllum,大戟科,五月茶属,splist/original/census_2022_cbl.csv,FALSE
cbl,PHPA,小叶石楠,Photinia parvifolia,蔷薇科,石楠属,splist/original/census_2022_cbl.csv,FALSE
cbl,CLPA,小叶红淡比,Cleyera parvifolia,山茶科,红淡比属,splist/original/census_2022_cbl.csv,FALSE
cbl,ILMI,小果冬青,Ilex micrococca,冬青科,冬青属,splist/original/census_2022_cbl.csv,FALSE
cbl,HECO,小果山龙眼,Helicia cochinchinensis,山龙眼科,山龙眼属,splist/original/census_2022_cbl.csv,FALSE
cbl,PYMI,小果石笔木,Pyrenaria microcarpa,山茶科,核果茶属,splist/original/census_2022_cbl.csv,FALSE
cbl,GLPA,小花山小橘,Glycosmis parviflora,芸香科,山小橘属,splist/original/census_2022_cbl.csv,FALSE
cbl,LILO,小蜡,Ligustrum sinense Lour.,木犀科,女贞属,splist/original/census_2022_cbl.csv,FALSE
cbl,ENFE,少叶黄杞,Engelhardtia fenzlii,胡桃科,黄杞属,splist/original/census_2022_cbl.csv,FALSE
cbl,ADBO,尖叶川杨桐,Adinandra bockiana var. acutifolia,山茶科,杨桐属,splist/original/census_2022_cbl.csv,FALSE
cbl,MEFU,尖山橙,Melodinus fusiformis,夹竹桃科,山橙属,splist/original/census_2022_cbl.csv,FALSE
cbl,RHNA,尼泊尔鼠李,Rhamnus napalensis,鼠李科,鼠李属,splist/original/census_2022_cbl.csv,FALSE
cbl,CEDI,尾叶樱桃,Cerasus dielsiana,蔷薇科,樱属,splist/original/census_2022_cbl.csv,FALSE
cbl,STOB,尾叶那藤,Stauntonia obovatifoliola,木通科,野木瓜属,splist/original/census_2022_cbl.csv,FALSE
cbl,FISA,尾尖爬藤榕,Ficus sarmentosa var. lacrymans,桑科,榕属,splist/original/census_2022_cbl.csv,FALSE
cbl,TRCO,山乌桕,Triadica cochinchinensis,大戟科,乌桕属,splist/original/census_2022_cbl.csv,FALSE
cbl,IDPO,山桐子,Idesia polycarpa,大风子科,山桐子属,splist/original/census_2022_cbl.csv,FALSE
cbl,VIQU,山牡荆,Vitex quinata,马鞭草科,牡荆属,splist/original/census_2022_cbl.csv,FALSE
cbl,SYSU,山矾,Symplocos sumuntia,山矾科,山矾属,splist/original/census_2022_cbl.csv,FALSE
cbl,LIGLA,山胡椒,Lindera glauca,樟科,山胡椒属,splist/original/census_2022_cbl.csv,FALSE
cbl,LICU,山苍子,Litsea cubeba,樟科,木姜子属,splist/original/census_2022_cbl.csv,FALSE
cbl,ARLI,山血丹,Ardisia lindleyana,紫金牛科,紫金牛属,splist/original/census_2022_cbl.csv,FALSE
cbl,TUMO,山香圆,Turpinia montana,省沽油科,山香圆属,splist/original/census_2022_cbl.csv,FALSE
cbl,TRTO,山黄麻,Trema tomentosa,榆科,山黄麻属,splist/original/census_2022_cbl.csv,FALSE
cbl,HUPA,岭南山茉莉,Huodendron biaristatum var. parviflorum,安息香科,山茉莉属,splist/original/census_2022_cbl.csv,FALSE
cbl,ACTU,岭南槭,Acer tutcheri,槭树科,槭树属,splist/original/census_2022_cbl.csv,FALSE
cbl,CIWI,川桂,Cinnamomum wilsonii,樟科,樟属,splist/original/census_2022_cbl.csv,FALSE
cbl,ILCHM,巨果冬青,Ilex chingiana var. megacarpa,冬青科,冬青属,splist/original/census_2022_cbl.csv,FALSE
cbl,DIFE,常山,Dichroa febrifuga,绣球科,常山属,splist/original/census_2022_cbl.csv,FALSE
cbl,EMUN,平叶酸藤子,Embelia undulata,紫金牛科,酸藤子属,splist/original/census_2022_cbl.csv,FALSE
cbl,ILKW,广东冬青,Ilex kwangtungensis,冬青科,冬青属,splist/original/census_2022_cbl.csv,FALSE
cbl,BEFO,广东琼楠,Beilschmiedia fordii,樟科,琼楠属,splist/original/census_2022_cbl.csv,FALSE
cbl,AMCA,广东蛇葡萄,Ampelopsis cantoniensis,葡萄科,蛇葡萄属,splist/original/census_2022_cbl.csv,FALSE
cbl,DITS,延平柿,Diospyros tsangii,柿树科,柿树属,splist/original/census_2022_cbl.csv,FALSE
cbl,OLTS,异株木犀榄,Olea tsoongii,木犀科,木犀榄属,splist/original/census_2022_cbl.csv,FALSE
cbl,MEDI,异色泡花树,Meliosma myriantha var. discolor,清风藤科,泡花树属,splist/original/census_2022_cbl.csv,FALSE
cbl,ILCY,弯尾冬青,Ilex cyrtura,冬青科,冬青属,splist/original/census_2022_cbl.csv,FALSE
cbl,RHHE,弯蒴杜鹃,Rhododendron henryi,杜鹃花科,杜鹃花属,splist/original/census_2022_cbl.csv,FALSE
cbl,SYWI,微毛山矾,Symplocos wikstroemiifolia,山矾科,山矾属,splist/original/census_2022_cbl.csv,FALSE
cbl,EUHE,微毛柃,Eurya hebeclados,山茶科,柃木属,splist/original/census_2022_cbl.csv,FALSE
cbl,GRBI,扁担杆,Grewia biloba,椴树科,扁担杆属,splist/original/census_2022_cbl.csv,FALSE
cbl,SASA,无患子,Sapindus saponaria,无患子科,无患子属,splist/original/census_2022_cbl.csv,FALSE
cbl,ELJA,日本杜英,Elaeocarpus japonicus,杜英科,杜英属,splist/original/census_2022_cbl.csv,FALSE
cbl,ILED,显脉冬青,Ilex editicostata,冬青科,冬青属,splist/original/census_2022_cbl.csv,FALSE
cbl,NEPH,显脉新木姜子,Neolitsea phanerophlebia,樟科,新木姜子属,splist/original/census_2022_cbl.csv,FALSE
cbl,LILI,木姜叶柯,Lithocarpus litseifolius,壳斗科,柯属,splist/original/census_2022_cbl.csv,FALSE
cbl,VEMO,木油桐,Vernicia montana Lour.,大戟科,油桐属,splist/original/census_2022_cbl.csv,FALSE
cbl,SCSU,木荷,Schima superba,山茶科,木荷属,splist/original/census_2022_cbl.csv,FALSE
cbl,CESI,朴树,Celtis sinensis,榆科,朴属,splist/original/census_2022_cbl.csv,FALSE
cbl,CULA,杉木,Cunninghamia lanceolata,杉科,杉木属,splist/original/census_2022_cbl.csv,FALSE
cbl,MYRU,杨梅,Myrica rubra,杨梅科,杨梅属,splist/original/census_2022_cbl.csv,FALSE
cbl,MACO,构棘,Maclura cochinchinensis,桑科,柘属,splist/original/census_2022_cbl.csv,FALSE
cbl,CAKO,枇杷叶紫珠,Callicarpa kochiana,马鞭草科,紫珠属,splist/original/census_2022_cbl.csv,FALSE
cbl,LIFO,枫香,Liquidambar formosana,金缕梅科,枫香树属,splist/original/census_2022_cbl.csv,FALSE
cbl,HOAC,枳_,Hovenia acerba,鼠李科,枳_属,splist/original/census_2022_cbl.csv,FALSE
cbl,XYCO,柞木,Xylosma congesta,大风子科,柞木属,splist/original/census_2022_cbl.csv,FALSE
cbl,LIGL,柯,Lithocarpus glaber,壳斗科,柯属,splist/original/census_2022_cbl.csv,FALSE
cbl,GAJA,栀子,Gardenia jasminoides,茜草科,栀子属,splist/original/census_2022_cbl.csv,FALSE
cbl,DEDE,树参,Dendropanax dentiger,五加科,树参属,splist/original/census_2022_cbl.csv,FALSE
cbl,STSU,栓叶安息香,Styrax suberifolius,安息香科,安息香属,splist/original/census_2022_cbl.csv,FALSE
cbl,TRKI,栝楼,Trichosanthes kirilowii,葫芦科,佝偻属,splist/original/census_2022_cbl.csv,FALSE
cbl,CAFA,栲,Castanopsis fargesii,壳斗科,锥属,splist/original/census_2022_cbl.csv,FALSE
cbl,OSFR,桂花,Osmanthus fragrans,木犀科,木犀属,splist/original/census_2022_cbl.csv,FALSE
cbl,PHPR,桃叶石楠,Photinia prunifolia,蔷薇科,石楠属,splist/original/census_2022_cbl.csv,FALSE
cbl,MEAZ,楝,Melia azedarach,楝科,楝属,splist/original/census_2022_cbl.csv,FALSE
cbl,ILFI,榕叶冬青,Ilex ficoidea,冬青科,冬青属,splist/original/census_2022_cbl.csv,FALSE
cbl,ACCO,樟叶槭,Acer coriaceifolium,槭树科,槭树属,splist/original/census_2022_cbl.csv,FALSE
cbl,ALKU,毛八角枫,Alangium kurzii,八角枫科,八角枫属,splist/original/census_2022_cbl.csv,FALSE
cbl,ILPU,毛冬青,Ilex pubescens,冬青科,冬青属,splist/original/census_2022_cbl.csv,FALSE
cbl,CRLA,毛果巴豆,Croton lachnocarpus,大戟科,巴豆属,splist/original/census_2022_cbl.csv,FALSE
cbl,MABA,毛桐,Mallotus barbatus,大戟科,野桐属,splist/original/census_2022_cbl.csv,FALSE
cbl,DIFR,毛狗骨柴,Diplospora fruticosa,茜草科,狗骨柴属,splist/original/census_2022_cbl.csv,FALSE
cbl,VIHE,毛葡萄,Vitis heyneana,葡萄科,葡萄属,splist/original/census_2022_cbl.csv,FALSE
cbl,MEPA,毡毛泡花树,Meliosma rigida var. pannosa,清风藤科,泡花树属,splist/original/census_2022_cbl.csv,FALSE
cbl,ADPI,水团花,Adina pilulifera,茜草科,水团花属,splist/original/census_2022_cbl.csv,FALSE
cbl,VAMA,江南越橘,Vaccinium mandarinorum,越桔科,越桔属,splist/original/census_2022_cbl.csv,FALSE
cbl,CIMI,沉水樟,Cinnamomum micranthum,樟科,樟属,splist/original/census_2022_cbl.csv,FALSE
cbl,VEFO,油桐,Vernicia fordii,大戟科,油桐属,splist/original/census_2022_cbl.csv,FALSE
cbl,CAOL,油茶,Camellia oleifera,山茶科,山茶属,splist/original/census_2022_cbl.csv,FALSE
cbl,ADMI,海红豆,Adenanthera microsperma,含羞草科,海红豆属,splist/original/census_2022_cbl.csv,FALSE
cbl,MIMA,深山含笑,Michelia maudiae,木兰科,含笑属,splist/original/census_2022_cbl.csv,FALSE
cbl,LIMET,滇粤山胡椒,Lindera metcalfiana,樟科,山胡椒属,splist/original/census_2022_cbl.csv,FALSE
cbl,TOVE,漆树,Toxicodendron vernicifluum,漆树科,漆属,splist/original/census_2022_cbl.csv,FALSE
cbl,SYMO,潮州山矾,Symplocos mollifolia,山矾科,山矾属,splist/original/census_2022_cbl.csv,FALSE
cbl,DACA,牛耳枫,Daphniphyllum calycinum,交让木科,交让木属,splist/original/census_2022_cbl.csv,FALSE
cbl,DIDU,狗骨柴,Diplospora dubia,茜草科,狗骨柴属,splist/original/census_2022_cbl.csv,FALSE
cbl,SLSI,猴欢喜,Sloanea sinensis,杜英科,猴欢喜属,splist/original/census_2022_cbl.csv,FALSE
cbl,VIOD,珊瑚树,Viburnum odoratissimum,忍冬科,荚_属,splist/original/census_2022_cbl.csv,FALSE
cbl,FIOL,瓜馥木,Fissistigma oldhamii,番荔枝科,瓜馥木属,splist/original/census_2022_cbl.csv,FALSE
cbl,CAEY,甜槠,Castanopsis eyrei,壳斗科,锥属,splist/original/census_2022_cbl.csv,FALSE
cbl,ARHY,白桂木,Artocarpus hypargyreus,桑科,波罗蜜属,splist/original/census_2022_cbl.csv,FALSE
cbl,TAMO,白花苦灯笼,Tarenna mollissima,茜草科,乌口树属,splist/original/census_2022_cbl.csv,FALSE
cbl,STFA,白花龙,Styrax faberi,安息香科,安息香属,splist/original/census_2022_cbl.csv,FALSE
cbl,FRRO,白蜡树,Fraxinus chinensis Roxb.,木犀科,_属,splist/original/census_2022_cbl.csv,FALSE
cbl,RHCH,盐肤木,Rhus chinensis,漆树科,漆树属,splist/original/census_2022_cbl.csv,FALSE
cbl,HEBR,短柄幌伞枫,Heteropanax brevipedicellatus,五加科,幌伞枫属,splist/original/census_2022_cbl.csv,FALSE
cbl,MARO,短梗大参,Macropanax rosthornii,五加科,大参属,splist/original/census_2022_cbl.csv,FALSE
cbl,ILLO,矮冬青,Ilex lohfauensis,冬青科,冬青属,splist/original/census_2022_cbl.csv,FALSE
cbl,ILFIL,硬叶冬青,Ilex ficifolia,冬青科,冬青属,splist/original/census_2022_cbl.csv,FALSE
cbl,LIHA,硬壳柯,Lithocarpus hancei,壳斗科,柯属,splist/original/census_2022_cbl.csv,FALSE
cbl,CRCH,硬壳桂,Cryptocarya chingii,樟科,厚壳桂属,splist/original/census_2022_cbl.csv,FALSE
cbl,SYFU,福建山矾,Symplocos fukienensis,山矾科,山矾属,splist/original/census_2022_cbl.csv,FALSE
cbl,ELGLA,秃瓣杜英,Elaeocarpus glabripetalus,杜英科,杜英属,splist/original/census_2022_cbl.csv,FALSE
cbl,DIAF,秤钩风,Diploclisia affinis,防己科,秤钩风属,splist/original/census_2022_cbl.csv,FALSE
cbl,SCDE,穗序鹅掌柴,Schefflera delavayi,五加科,鹅掌柴属,splist/original/census_2022_cbl.csv,FALSE
cbl,MERI,笔罗子,Meliosma rigida,清风藤科,泡花树属,splist/original/census_2022_cbl.csv,FALSE
cbl,CACA,米槠,Castanopsis carlesii,壳斗科,锥属,splist/original/census_2022_cbl.csv,FALSE
cbl,LIMA,粉叶柯,Lithocarpus macilentus,壳斗科,柯属,splist/original/census_2022_cbl.csv,FALSE
cbl,LACH,粗叶木,Lasianthus chinensis,茜草科,粗叶木属,splist/original/census_2022_cbl.csv,FALSE
cbl,FIHI,粗叶榕,Ficus hirta,桑科,榕属,splist/original/census_2022_cbl.csv,FALSE
cbl,MAPH,粗糠柴,Mallotus philippensis,大戟科,野桐属,splist/original/census_2022_cbl.csv,FALSE
cbl,CIVA,粗脉桂,Cinnamomum validinerve,樟科,樟属,splist/original/census_2022_cbl.csv,FALSE
cbl,CACH,粤北鹅耳枥,Carpinus chuniana,榛木科,鹅耳枥属,splist/original/census_2022_cbl.csv,FALSE
cbl,PHSH,紫楠,Phoebe sheareri,樟科,楠属,splist/original/census_2022_cbl.csv,FALSE
cbl,ORFR,紫麻,Oreocnide frutescens,荨麻科,紫麻属,splist/original/census_2022_cbl.csv,FALSE
cbl,SYRE,红枝蒲桃,Syzygium rehderianum,桃金娘科,蒲桃属,splist/original/census_2022_cbl.csv,FALSE
cbl,MATH,红楠,Machilus thunbergii,樟科,润楠属,splist/original/census_2022_cbl.csv,FALSE
cbl,EURU,红褐柃,Eurya rubiginosa,山茶科,柃木属,splist/original/census_2022_cbl.csv,FALSE
cbl,CAHY,红锥,Castanopsis hystrix,壳斗科,锥属,splist/original/census_2022_cbl.csv,FALSE
cbl,SYHA,红鳞蒲桃,Syzygium hancei,桃金娘科,蒲桃属,splist/original/census_2022_cbl.csv,FALSE
cbl,EULO,细枝柃,Eurya loquaiana,山茶科,柃木属,splist/original/census_2022_cbl.csv,FALSE
cbl,WINU,细轴荛花,Wikstroemia nutans,瑞香科,荛花属,splist/original/census_2022_cbl.csv,FALSE
cbl,EUNI,细齿叶柃,Eurya nitida,山茶科,柃木属,splist/original/census_2022_cbl.csv,FALSE
cbl,MAVE,绒毛润楠,Machilus velutina,樟科,润楠属,splist/original/census_2022_cbl.csv,FALSE
cbl,PIPE,缝线海桐,Pittosporum perryanum,海桐花科,海桐花属,splist/original/census_2022_cbl.csv,FALSE
cbl,BETS,网脉琼楠,Beilschmiedia tsangii,樟科,琼楠属,splist/original/census_2022_cbl.csv,FALSE
cbl,EMVE,网脉酸藤子,Embelia vestita,紫金牛科,酸藤子属,splist/original/census_2022_cbl.csv,FALSE
cbl,ARQU,罗伞树,Ardisia quinquegona,紫金牛科,紫金牛属,splist/original/census_2022_cbl.csv,FALSE
cbl,DIMO,罗浮柿,Diospyros morrisiana,柿树科,柿树属,splist/original/census_2022_cbl.csv,FALSE
cbl,CAFAB,罗浮锥,Castanopsis fabri,壳斗科,锥属,splist/original/census_2022_cbl.csv,FALSE
cbl,NEPU,美丽新木姜子,Neolitsea pulchella,樟科,新木姜子属,splist/original/census_2022_cbl.csv,FALSE
cbl,PTHE,翻白叶树,Pterospermum heterophyllum,梧桐科,翅子树属,splist/original/census_2022_cbl.csv,FALSE
cbl,SYST,老鼠矢,Symplocos stellaris,山矾科,山矾属,splist/original/census_2022_cbl.csv,FALSE
cbl,EUCA,肉花卫矛,Euonymus carnosus,卫矛科,卫矛属,splist/original/census_2022_cbl.csv,FALSE
cbl,LAPH,腺叶桂樱,Laurocerasus phaeosticta,蔷薇科,桂樱属,splist/original/census_2022_cbl.csv,FALSE
cbl,MEGL,腺毛泡花树,Meliosma glandulosa,清风藤科,泡花树属,splist/original/census_2022_cbl.csv,FALSE
cbl,CLPH,臭茉莉,Clerodendrum philippinum,马鞭草科,大青属,splist/original/census_2022_cbl.csv,FALSE
cbl,STOD,芬芳安息香,Styrax odoratissimus,安息香科,安息香属,splist/original/census_2022_cbl.csv,FALSE
cbl,ZASC,花椒_,Zanthoxylum scandens,芸香科,花椒属,splist/original/census_2022_cbl.csv,FALSE
cbl,PIBE,苦树,Picrasma quassioides,苦木科,苦木属,splist/original/census_2022_cbl.csv,FALSE
cbl,VESO,茄叶斑鸠菊,Vernonia solanifolia,菊科,斑鸠菊属,splist/original/census_2022_cbl.csv,FALSE
cbl,AICO,茜树,Aidia cochinchinensis,茜草科,茜树属,splist/original/census_2022_cbl.csv,FALSE
cbl,CASI,茶,Camellia sinensis,山茶科,山茶属,splist/original/census_2022_cbl.csv,FALSE
cbl,NYSI,蓝果树,Nyssa sinensis,珙桐科,蓝果树属,splist/original/census_2022_cbl.csv,FALSE
cbl,ELGL,蔓胡颓子,Elaeagnus glabra,胡颓子科,胡颓子属,splist/original/census_2022_cbl.csv,FALSE
cbl,SYAN,薄叶山矾,Symplocos anomala,山矾科,山矾属,splist/original/census_2022_cbl.csv,FALSE
cbl,NA,藤,NA,NA,NA,splist/original/census_2022_cbl.csv,TRUE
cbl,DAHA,藤黄檀,Dalbergia hancei,蝶形花科,黄檀属,splist/original/census_2022_cbl.csv,FALSE
cbl,DAOL,虎皮楠,Daphniphyllum oldhami,交让木科,交让木属,splist/original/census_2022_cbl.csv,FALSE
cbl,COFE,褐毛四照花,Cornus hongkongensis,山茱萸科,山茱萸属,splist/original/census_2022_cbl.csv,FALSE
cbl,ELDU,褐毛杜英,Elaeocarpus duclouxii,杜英科,杜英属,splist/original/census_2022_cbl.csv,FALSE
cbl,MIOD,观光木,Michelia odora,木兰科,含笑属,splist/original/census_2022_cbl.csv,FALSE
cbl,ILMEM,谷木叶冬青,Ilex memecylifolia,冬青科,冬青属,splist/original/census_2022_cbl.csv,FALSE
cbl,PRMI,豆腐柴,Premna microphylla,马鞭草科,豆腐柴属,splist/original/census_2022_cbl.csv,FALSE
cbl,LIRO,豺皮樟,Litsea rotundifolia var. oblongifolia,樟科,木姜子属,splist/original/census_2022_cbl.csv,FALSE
cbl,PHBO,贵州石楠,Photinia bodinieri,蔷薇科,石楠属,splist/original/census_2022_cbl.csv,FALSE
cbl,ALFO,赤杨叶,Alniphyllum fortunei,安息香科,赤杨叶属,splist/original/census_2022_cbl.csv,FALSE
cbl,SYBU,赤楠,Syzygium buxifolium,桃金娘科,蒲桃属,splist/original/census_2022_cbl.csv,FALSE
cbl,STTO,越南安息香,Styrax tonkinensis,安息香科,安息香属,splist/original/census_2022_cbl.csv,FALSE
cbl,SYCOC,越南山矾,Symplocos cochinchinensis,山矾科,山矾属,splist/original/census_2022_cbl.csv,FALSE
cbl,ORSE,软荚红豆,Ormosia semicastrata,蝶形花科,红豆属,splist/original/census_2022_cbl.csv,FALSE
cbl,ANJA,酸味子,Antidesma japonicum,大戟科,五月茶属,splist/original/census_2022_cbl.csv,FALSE
cbl,EMLA,酸藤子,Embelia laeta,紫金牛科,酸藤子属,splist/original/census_2022_cbl.csv,FALSE
cbl,DISI,野柿,Diospyros kaki var. silvestris,柿树科,柿树属,splist/original/census_2022_cbl.csv,FALSE
cbl,STJA,野茉莉,Styrax japonicus,安息香科,安息香属,splist/original/census_2022_cbl.csv,FALSE
cbl,EUJA,野鸦椿,Euscaphis japonica,省沽油科,野鸦椿属,splist/original/census_2022_cbl.csv,FALSE
cbl,MIFO,金叶含笑,Michelia foveolata,木兰科,含笑属,splist/original/census_2022_cbl.csv,FALSE
cbl,CECA,钟花樱桃,Cerasus campanulata,蔷薇科,樱属,splist/original/census_2022_cbl.csv,FALSE
cbl,CAPE,钩毛紫珠,Callicarpa peichieniana,马鞭草科,紫珠属,splist/original/census_2022_cbl.csv,FALSE
cbl,UNRH,钩藤,Uncaria rhynchophylla,茜草科,钩藤属,splist/original/census_2022_cbl.csv,FALSE
cbl,ILRO,铁冬青,Ilex rotunda,冬青科,冬青属,splist/original/census_2022_cbl.csv,FALSE
cbl,HAMA,银钟花,Halesia macgregorii,安息香科,银钟花属,splist/original/census_2022_cbl.csv,FALSE
cbl,NECA,锈叶新木姜子,Neolitsea cambodiana,樟科,新木姜子属,splist/original/census_2022_cbl.csv,FALSE
cbl,RHFE,锈毛石斑木,Rhaphiolepis ferruginea,蔷薇科,石斑木属,splist/original/census_2022_cbl.csv,FALSE
cbl,TUAR,锐尖山香圆,Turpinia arguta,省沽油科,山香圆属,splist/original/census_2022_cbl.csv,FALSE
cbl,SYDO,长毛山矾,Symplocos dolichotricha,山矾科,山矾属,splist/original/census_2022_cbl.csv,FALSE
cbl,EHLO,长花厚壳树,Ehretia longiflora,紫草科,厚壳树属,splist/original/census_2022_cbl.csv,FALSE
cbl,PHBOU,闽楠,Phoebe bournei,樟科,楠属,splist/original/census_2022_cbl.csv,FALSE
cbl,CIBU,阴香,Cinnamomum burmannii,樟科,樟属,splist/original/census_2022_cbl.csv,FALSE
cbl,SATH,雀梅藤,Sageretia thea,鼠李科,雀梅藤属,splist/original/census_2022_cbl.csv,FALSE
cbl,CAVI,雷公鹅耳枥,Carpinus viminea,榛木科,鹅耳枥属,splist/original/census_2022_cbl.csv,FALSE
cbl,CYGL,青冈,Cyclobalanopsis glauca,壳斗科,青冈属,splist/original/census_2022_cbl.csv,FALSE
cbl,PHGL,青灰叶下珠,Phyllanthus glaucus,大戟科,叶下珠属,splist/original/census_2022_cbl.csv,FALSE
cbl,ILHA,青茶冬青,Ilex hanceana,冬青科,冬青属,splist/original/census_2022_cbl.csv,FALSE
cbl,TOAS,飞龙掌血,Toddalia asiatica,芸香科,飞龙掌血属,splist/original/census_2022_cbl.csv,FALSE
cbl,LICO,香叶树,Lindera communis,樟科,山胡椒属,splist/original/census_2022_cbl.csv,FALSE
cbl,CISU,香桂,Cinnamomum subavenium,樟科,樟属,splist/original/census_2022_cbl.csv,FALSE
cbl,COHO,香港四照花,Cornus hongkongensis,山茱萸科,山茱萸属,splist/original/census_2022_cbl.csv,FALSE
cbl,MEFO,香皮树,Meliosma fordii,清风藤科,泡花树属,splist/original/census_2022_cbl.csv,FALSE
cbl,CADI,香花崖豆藤,Callerya dielsiana,蝶形花科,鸡血藤属,splist/original/census_2022_cbl.csv,FALSE
cbl,SIRA,鸡仔木,Sinoadina racemosa,茜草科,鸡仔木属,splist/original/census_2022_cbl.csv,FALSE
cbl,MOPA,鸡眼藤,Morinda parvifolia,茜草科,巴戟天属,splist/original/census_2022_cbl.csv,FALSE
cbl,NECH,鸭公树,Neolitsea chui,樟科,新木姜子属,splist/original/census_2022_cbl.csv,FALSE
cbl,SCHE,鹅掌柴,Schefflera heptaphylla,五加科,鹅掌柴属,splist/original/census_2022_cbl.csv,FALSE
cbl,RHLA,鹿角杜鹃,Rhododendron latoucheae,杜鹃花科,杜鹃花属,splist/original/census_2022_cbl.csv,FALSE
cbl,CALA,鹿角锥,Castanopsis lamontii,壳斗科,锥属,splist/original/census_2022_cbl.csv,FALSE
cbl,LIEL,黄丹木姜子,Litsea elongata,樟科,木姜子属,splist/original/census_2022_cbl.csv,FALSE
cbl,ENRO,黄杞,Engelhardia roxburghiana,胡桃科,黄杞属,splist/original/census_2022_cbl.csv,FALSE
cbl,CRCO,黄果厚壳桂,Cryptocarya concinna,樟科,厚壳桂属,splist/original/census_2022_cbl.csv,FALSE
cbl,BOMI,黄梨木,Boniodendron minus,无患子科,黄梨木属,splist/original/census_2022_cbl.csv,FALSE
cbl,CIPA,黄樟,Cinnamomum parthenoxylon,樟科,樟属,splist/original/census_2022_cbl.csv,FALSE
cbl,DAHU,黄檀,Dalbergia hupeana,蝶形花科,黄檀属,splist/original/census_2022_cbl.csv,FALSE
cbl,ILDA,黄毛冬青,Ilex dasyphylla,冬青科,冬青属,splist/original/census_2022_cbl.csv,FALSE
cbl,FIES,黄毛榕,Ficus esquiroliana,桑科,榕属,splist/original/census_2022_cbl.csv,FALSE
cbl,SYMCO,黄牛奶树,Symplocos cochinchinensis var. laurina,山矾科,山矾属,splist/original/census_2022_cbl.csv,FALSE
cbl,MAGR,黄绒润楠,Machilus grijsii,樟科,润楠属,splist/original/census_2022_cbl.csv,FALSE
cbl,MATE,黄背野桐,Mallotus tenuifolius,大戟科,野桐属,splist/original/census_2022_cbl.csv,FALSE
cbl,POFA,黄花倒水莲,Polygala fallax,远志科,远志属,splist/original/census_2022_cbl.csv,FALSE
cbl,GRHE,黄麻叶扁担杆,Grewia henryi,椴树科,扁担杆属,splist/original/census_2022_cbl.csv,FALSE
cbl,ILME,黑叶冬青,Ilex melanophylla,冬青科,冬青属,splist/original/census_2022_cbl.csv,FALSE
cbl,LIME,黑壳楠,Lindera megaphylla,樟科,山胡椒属,splist/original/census_2022_cbl.csv,FALSE
cbl,EUMA,黑柃,Eurya macartneyi,山茶科,柃木属,splist/original/census_2022_cbl.csv,FALSE
cbl,BRFR,黑面神,Breynia fruticosa,大戟科,黑面神属,splist/original/census_2022_cbl.csv,FALSE
cbl,CAFI,黧蒴锥,Castanopsis fissa,壳斗科,锥属,splist/original/census_2022_cbl.csv,FALSE
cbl,MASAM,鼎湖血桐,Macaranga sampsonii,大戟科,血桐属,splist/original/census_2022_cbl.csv,FALSE
cbl,ITCH,鼠刺,Itea chinensis,鼠刺科,鼠刺属,splist/original/census_2022_cbl.csv,FALSE
jzs,NA,云南凹脉柃,Eurya cavinervis,NA,NA,splist/Jizushan_splist.csv,FALSE
jzs,NA,云南卫矛,Euonymus yunnanensis,NA,NA,splist/Jizushan_splist.csv,FALSE
jzs,NA,云南小檗,Berberis yunnanensis,NA,NA,splist/Jizushan_splist.csv,FALSE
jzs,NA,云南杜鹃,Rhododendron yunnanense,NA,NA,splist/Jizushan_splist.csv,FALSE
jzs,NA,云南杨梅,Morella nana,NA,NA,splist/Jizushan_splist.csv,FALSE
jzs,NA,云南松,Pinus yunnanensis,NA,NA,splist/Jizushan_splist.csv,FALSE
jzs,NA,云南柳,Salix cavaleriei,NA,NA,splist/Jizushan_splist.csv,FALSE
jzs,NA,云南樟,Camphora glandulifera,NA,NA,splist/Jizushan_splist.csv,FALSE
jzs,NA,云南越橘,Vaccinium duclouxii,NA,NA,splist/Jizushan_splist.csv,FALSE
jzs,NA,云南金叶子,Craibiodendron yunnanense,NA,NA,splist/Jizushan_splist.csv,FALSE
jzs,NA,五月瓜藤,Holboellia angustifolia,NA,NA,splist/Jizushan_splist.csv,FALSE
jzs,NA,五柱滇山茶,Camellia yunnanensis,NA,NA,splist/Jizushan_splist.csv,FALSE
jzs,NA,元江锥,Castanopsis orthacantha,NA,NA,splist/Jizushan_splist.csv,FALSE
jzs,NA,光亮山矾,Symplocos lucida,NA,NA,splist/Jizushan_splist.csv,FALSE
jzs,NA,光叶柯,Lithocarpus mairei,NA,NA,splist/Jizushan_splist.csv,FALSE
jzs,NA,冷地卫矛,Euonymus frigidus,NA,NA,splist/Jizushan_splist.csv,FALSE
jzs,NA,刺叶高山栎,Quercus spinosa,NA,NA,splist/Jizushan_splist.csv,FALSE
jzs,NA,北酸脚杆,Pseudodissochaeta septentrionalis,NA,NA,splist/Jizushan_splist.csv,FALSE
jzs,NA,华山松,Pinus armandii,NA,NA,splist/Jizushan_splist.csv,FALSE
jzs,NA,南烛,Vaccinium bracteatum,NA,NA,splist/Jizushan_splist.csv,FALSE
jzs,NA,厚皮香,Ternstroemia gymnanthera,NA,NA,splist/Jizushan_splist.csv,FALSE
jzs,NA,响叶杨,Populus adenopoda,NA,NA,splist/Jizushan_splist.csv,FALSE
jzs,NA,四川冬青,Ilex szechwanensis,NA,NA,splist/Jizushan_splist.csv,FALSE
jzs,NA,多依,Docynia indica,NA,NA,splist/Jizushan_splist.csv,FALSE
jzs,NA,多脉冬青,Ilex polyneura,NA,NA,splist/Jizushan_splist.csv,FALSE
jzs,NA,多花山矾,Symplocos ramosissima,NA,NA,splist/Jizushan_splist.csv,FALSE
jzs,NA,大果榆,Ulmus macrocarpa,NA,NA,splist/Jizushan_splist.csv,FALSE
jzs,NA,大白杜鹃,Rhododendron decorum,NA,NA,splist/Jizushan_splist.csv,FALSE
jzs,NA,头状四照花,Cornus capitata,NA,NA,splist/Jizushan_splist.csv,FALSE
jzs,NA,密花胡颓子,Elaeagnus conferta,NA,NA,splist/Jizushan_splist.csv,FALSE
jzs,NA,小叶青冈,Quercus myrsinifolia,NA,NA,splist/Jizushan_splist.csv,FALSE
jzs,NA,小花石楠,Photinia parviflora,NA,NA,splist/Jizushan_splist.csv,FALSE
jzs,NA,尼泊尔桤木,Alnus nepalensis,NA,NA,splist/Jizushan_splist.csv,FALSE
jzs,NA,尾叶樟,Camphora foveolata,NA,NA,splist/Jizushan_splist.csv,FALSE
jzs,NA,尾叶越橘,Vaccinium dunalianum Wight,NA,NA,splist/Jizushan_splist.csv,FALSE
jzs,NA,山梅花,Philadelphus incanus,NA,NA,splist/Jizushan_splist.csv,FALSE
jzs,NA,山鸡椒,Litsea cubeba,NA,NA,splist/Jizushan_splist.csv,FALSE
jzs,NA,异叶梁王茶,Metapanax davidii,NA,NA,splist/Jizushan_splist.csv,FALSE
jzs,NA,忍冬,Lonicera japonica,NA,NA,splist/Jizushan_splist.csv,FALSE
jzs,NA,怒江红山茶,Camellia saluenensis,NA,NA,splist/Jizushan_splist.csv,FALSE
jzs,NA,拟蚬壳花椒,Zanthoxylum laetum,NA,NA,splist/Jizushan_splist.csv,FALSE
jzs,NA,柊树,Osmanthus heterophyllus,NA,NA,splist/Jizushan_splist.csv,FALSE
jzs,NA,柳叶润楠,Machilus salicina,NA,NA,splist/Jizushan_splist.csv,FALSE
jzs,NA,椴树,Tilia tuan,NA,NA,splist/Jizushan_splist.csv,FALSE
jzs,NA,槲树,Quercus dentata,NA,NA,splist/Jizushan_splist.csv,FALSE
jzs,NA,毛瑞香,Daphne kiusiana var. atrocaulis,NA,NA,splist/Jizushan_splist.csv,FALSE
jzs,NA,毛脉高山栎,Quercus rehderiana,NA,NA,splist/Jizushan_splist.csv,FALSE
jzs,NA,毛葡萄,Vitis heyneana,NA,NA,splist/Jizushan_splist.csv,FALSE
jzs,NA,水红木,Viburnum cylindricum,NA,NA,splist/Jizushan_splist.csv,FALSE
jzs,NA,江南越橘,Vaccinium mandarinorum,NA,NA,splist/Jizushan_splist.csv,FALSE
jzs,NA,滇青冈,Quercus glaucoides,NA,NA,splist/Jizushan_splist.csv,FALSE
jzs,NA,灰白杜鹃,Rhododendron genestierianum,NA,NA,splist/Jizushan_splist.csv,FALSE
jzs,NA,猫儿刺,Ilex pernyi,NA,NA,splist/Jizushan_splist.csv,FALSE
jzs,NA,猴面柯,Lithocarpus balansae,NA,NA,splist/Jizushan_splist.csv,FALSE
jzs,NA,珊瑚冬青,Ilex corallina,NA,NA,splist/Jizushan_splist.csv,FALSE
jzs,NA,珊瑚树,Viburnum odoratissimum,NA,NA,splist/Jizushan_splist.csv,FALSE
jzs,NA,珍珠花,Lyonia ovalifolia,NA,NA,splist/Jizushan_splist.csv,FALSE
jzs,NA,球花石楠,Photinia glomerata,NA,NA,splist/Jizushan_splist.csv,FALSE
jzs,NA,瑞丽鹅掌柴,Heptapleurum shweliense,NA,NA,splist/Jizushan_splist.csv,FALSE
jzs,NA,白柯,Lithocarpus dealbatus,NA,NA,splist/Jizushan_splist.csv,FALSE
jzs,NA,白碎米花,Rhododendron spiciferum var. album,NA,NA,splist/Jizushan_splist.csv,FALSE
jzs,NA,白背鹅掌柴,Heptapleurum hypoleucum,NA,NA,splist/Jizushan_splist.csv,FALSE
jzs,NA,石灰花楸,Sorbus folgneri,NA,NA,splist/Jizushan_splist.csv,FALSE
jzs,NA,粗梗稠李,Prunus napaulensis,NA,NA,splist/Jizushan_splist.csv,FALSE
jzs,NA,紫苏,Perilla frutescens,NA,NA,splist/Jizushan_splist.csv,FALSE
jzs,NA,紫药女贞,Ligustrum delavayanum,NA,NA,splist/Jizushan_splist.csv,FALSE
jzs,NA,红柄木樨,Osmanthus armatus,NA,NA,splist/Jizushan_splist.csv,FALSE
jzs,NA,细梗蔷薇,Rosa graciliflora,NA,NA,splist/Jizushan_splist.csv,FALSE
jzs,NA,美丽马醉木,Pieris formosa,NA,NA,splist/Jizushan_splist.csv,FALSE
jzs,NA,腋花杜鹃,Rhododendron racemosum,NA,NA,splist/Jizushan_splist.csv,FALSE
jzs,NA,臀果木,Pygeum topengii,NA,NA,splist/Jizushan_splist.csv,FALSE
jzs,NA,艾纳香,Blumea balsamifera,NA,NA,splist/Jizushan_splist.csv,FALSE
jzs,NA,花椒簕,Zanthoxylum scandens,NA,NA,splist/Jizushan_splist.csv,FALSE
jzs,NA,茵芋,Skimmia reevesiana,NA,NA,splist/Jizushan_splist.csv,FALSE
jzs,NA,荷包山桂花,Polygala arillata,NA,NA,splist/Jizushan_splist.csv,FALSE
jzs,NA,蓝树,Wrightia laevis,NA,NA,splist/Jizushan_splist.csv,FALSE
jzs,NA,蓝黑果荚蒾,Viburnum atrocyaneum,NA,NA,splist/Jizushan_splist.csv,FALSE
jzs,NA,薄叶南蛇藤,Celastrus hypoleucoides,NA,NA,splist/Jizushan_splist.csv,FALSE
jzs,NA,褐毛花楸,Sorbus ochracea,NA,NA,splist/Jizushan_splist.csv,FALSE
jzs,NA,西南栒子,Cotoneaster franchetii,NA,NA,splist/Jizushan_splist.csv,FALSE
jzs,NA,软条七蔷薇,Rosa henryi,NA,NA,splist/Jizushan_splist.csv,FALSE
jzs,NA,迷人杜鹃,Rhododendron agastum,NA,NA,splist/Jizushan_splist.csv,FALSE
jzs,NA,野花椒,Zanthoxylum simulans,NA,NA,splist/Jizushan_splist.csv,FALSE
jzs,NA,银木荷,Schima argentea,NA,NA,splist/Jizushan_splist.csv,FALSE
jzs,NA,锥序荚蒾,Viburnum pyramidatum,NA,NA,splist/Jizushan_splist.csv,FALSE
jzs,NA,领春木,Euptelea pleiosperma,NA,NA,splist/Jizushan_splist.csv,FALSE
jzs,NA,马缨杜鹃,Rhododendron delavayi,NA,NA,splist/Jizushan_splist.csv,FALSE
jzs,NA,高山锥,Castanopsis delavayi,NA,NA,splist/Jizushan_splist.csv,FALSE
jzs,NA,高盆樱桃,Prunus cerasoides,NA,NA,splist/Jizushan_splist.csv,FALSE
jzs,NA,鼠李叶花楸,Sorbus rhamnoides,NA,NA,splist/Jizushan_splist.csv,FALSE
nbh,NA,一担柴,Colona floribunda,NA,NA,splist/nabanhe_splist.csv,FALSE
nbh,NA,丁公藤,Erycibe obtusifolia,NA,NA,splist/nabanhe_splist.csv,FALSE
nbh,NA,三叶山香圆,Turpinia ternata,NA,NA,splist/nabanhe_splist.csv,FALSE
nbh,NA,三叶崖爬藤,Tetrastigma hemsleyanum,NA,NA,splist/nabanhe_splist.csv,FALSE
nbh,NA,三桠苦,Evodia lepta,NA,NA,splist/nabanhe_splist.csv,FALSE
nbh,NA,丛花厚壳桂,Cryptocarya densiflora,NA,NA,splist/nabanhe_splist.csv,FALSE
nbh,NA,中国苦树,Picrasma chinensis,NA,NA,splist/nabanhe_splist.csv,FALSE
nbh,NA,中平树,Macaranga denticulata,NA,NA,splist/nabanhe_splist.csv,FALSE
nbh,NA,乌墨,Syzygium cumini,NA,NA,splist/nabanhe_splist.csv,FALSE
nbh,NA,九里香,Murraya exotica,NA,NA,splist/nabanhe_splist.csv,FALSE
nbh,NA,买麻藤,Gnetum montanum,NA,NA,splist/nabanhe_splist.csv,FALSE
nbh,NA,云南倒吊笔,Wrightia coccina,NA,NA,splist/nabanhe_splist.csv,FALSE
nbh,NA,云南刺篱木,Flacourtia jangomas,NA,NA,splist/nabanhe_splist.csv,FALSE
nbh,NA,云南厚壳桂,Cryptocarya yunnanensis,NA,NA,splist/nabanhe_splist.csv,FALSE
nbh,NA,云南木姜子,Litsea yunnanensis,NA,NA,splist/nabanhe_splist.csv,FALSE
nbh,NA,云南水壶藤,Urceola tournieri,NA,NA,splist/nabanhe_splist.csv,FALSE
nbh,NA,云南沉香,Aquilaria yunnanensis,NA,NA,splist/nabanhe_splist.csv,FALSE
nbh,NA,云南火索藤,NA,NA,NA,splist/nabanhe_splist.csv,TRUE
nbh,NA,云南珊瑚树,Viburnum odoratissimum var. sessiliflorum,NA,NA,splist/nabanhe_splist.csv,FALSE
nbh,NA,云南石梓,Gmelina arborea,NA,NA,splist/nabanhe_splist.csv,FALSE
nbh,NA,云南越橘,NA,NA,NA,splist/nabanhe_splist.csv,TRUE
nbh,NA,云南野独活,Miliusa tenuistipitata,NA,NA,splist/nabanhe_splist.csv,FALSE
nbh,NA,云南银柴,Aporusa yunnanensis,NA,NA,splist/nabanhe_splist.csv,FALSE
nbh,NA,云南银钩花,Mitrephora wangii,NA,NA,splist/nabanhe_splist.csv,FALSE
nbh,NA,云南风吹楠,Horsfieldia prainii,NA,NA,splist/nabanhe_splist.csv,FALSE
nbh,NA,云南风车子,Combretum yunnanense,NA,NA,splist/nabanhe_splist.csv,FALSE
nbh,NA,云树,Garcinia cowa,NA,NA,splist/nabanhe_splist.csv,FALSE
nbh,NA,五层龙,Salacia prinoides,NA,NA,splist/nabanhe_splist.csv,FALSE
nbh,NA,五瓣子楝树,Decaspermum fruticosum,NA,NA,splist/nabanhe_splist.csv,FALSE
nbh,NA,亮叶山小橘,Glycosmis lucida,NA,NA,splist/nabanhe_splist.csv,FALSE
nbh,NA,伞花冬青,Ilex godajam,NA,NA,splist/nabanhe_splist.csv,FALSE
nbh,NA,余甘子,Phyllanthus emblica,NA,NA,splist/nabanhe_splist.csv,FALSE
nbh,NA,假山椤,NA,NA,NA,splist/nabanhe_splist.csv,TRUE
nbh,NA,假山龙眼,Heliciopsis henryi,NA,NA,splist/nabanhe_splist.csv,FALSE
nbh,NA,假斜叶榕,Ficus subulata,NA,NA,splist/nabanhe_splist.csv,FALSE
nbh,NA,假柿木姜子,Litsea monopetala,NA,NA,splist/nabanhe_splist.csv,FALSE
nbh,NA,假樱叶杜英,NA,NA,NA,splist/nabanhe_splist.csv,TRUE
nbh,NA,假海桐,Pittosporopsis kerrii,NA,NA,splist/nabanhe_splist.csv,FALSE
nbh,NA,假烟叶树,Solanum verbascifolium,NA,NA,splist/nabanhe_splist.csv,FALSE
nbh,NA,假玉桂,Celtis timorensis,NA,NA,splist/nabanhe_splist.csv,FALSE
nbh,NA,假苹婆,Sterculia lanceolata,NA,NA,splist/nabanhe_splist.csv,FALSE
nbh,NA,假黄皮,Clausena excavata,NA,NA,splist/nabanhe_splist.csv,FALSE
nbh,NA,傣柿,Diospyros kerrii,NA,NA,splist/nabanhe_splist.csv,FALSE
nbh,NA,全缘火麻树,Dendrocnide sinuata,NA,NA,splist/nabanhe_splist.csv,FALSE
nbh,NA,八宝树,Duabanga grandiflora,NA,NA,splist/nabanhe_splist.csv,FALSE
nbh,NA,刺果藤,Byttneria aspera,NA,NA,splist/nabanhe_splist.csv,FALSE
nbh,NA,刺通草,Trevesia palmata,NA,NA,splist/nabanhe_splist.csv,FALSE
nbh,NA,剑叶木姜子,Litsea lancifolia,NA,NA,splist/nabanhe_splist.csv,FALSE
nbh,NA,劲直刺桐,Erythrina strica,NA,NA,splist/nabanhe_splist.csv,FALSE
nbh,NA,劲直榕,Ficus stricta,NA,NA,splist/nabanhe_splist.csv,FALSE
nbh,NA,勐仑琼楠,Beilschmiedia brachythyrsa,NA,NA,splist/nabanhe_splist.csv,FALSE
nbh,NA,勐仑翅子树,Pterospermum menglunense,NA,NA,splist/nabanhe_splist.csv,FALSE
nbh,NA,勐海柯,Lithocarpus fohaiensis,NA,NA,splist/nabanhe_splist.csv,FALSE
nbh,NA,勐腊核果木,Drypetes hoaensis,NA,NA,splist/nabanhe_splist.csv,FALSE
nbh,NA,勾儿茶,Berchemia,NA,NA,splist/nabanhe_splist.csv,FALSE
nbh,NA,包疮叶,Maesa indica,NA,NA,splist/nabanhe_splist.csv,FALSE
nbh,NA,千果榄仁,Terminalia myriocarpa,NA,NA,splist/nabanhe_splist.csv,FALSE
nbh,NA,华南蓝果树,Nyssa javanica,NA,NA,splist/nabanhe_splist.csv,FALSE
nbh,NA,华马钱,Strychnos cathayensis,NA,NA,splist/nabanhe_splist.csv,FALSE
nbh,NA,南垂茉莉,Clerodendrum henryi,NA,NA,splist/nabanhe_splist.csv,FALSE
nbh,NA,南方紫金牛,Ardisia neriifolia,NA,NA,splist/nabanhe_splist.csv,FALSE
nbh,NA,印度崖豆,Millettia pulchra,NA,NA,splist/nabanhe_splist.csv,FALSE
nbh,NA,印度脚骨脆,Casearia kurzii,NA,NA,splist/nabanhe_splist.csv,FALSE
nbh,NA,印度藤儿茶,NA,NA,NA,splist/nabanhe_splist.csv,TRUE
nbh,NA,印度血桐,Macaranga indica,NA,NA,splist/nabanhe_splist.csv,FALSE
nbh,NA,印度锥,NA,NA,NA,splist/nabanhe_splist.csv,TRUE
nbh,NA,厚叶琼楠,Beilschmiedia percoriacea,NA,NA,splist/nabanhe_splist.csv,FALSE
nbh,NA,厚果鱼藤,NA,NA,NA,splist/nabanhe_splist.csv,TRUE
nbh,NA,厚皮香,Ternstroemia gymnanthera,NA,NA,splist/nabanhe_splist.csv,FALSE
nbh,NA,古钩藤,Cryptolepis buchananii,NA,NA,splist/nabanhe_splist.csv,FALSE
nbh,NA,合果木,Paramichelia baillonii,NA,NA,splist/nabanhe_splist.csv,FALSE
nbh,NA,喙果鸡血藤,NA,NA,NA,splist/nabanhe_splist.csv,TRUE
nbh,NA,四果野桐,Mallotus tetracoccus,NA,NA,splist/nabanhe_splist.csv,FALSE
nbh,NA,四裂算盘子,Glochidion assamicum,NA,NA,splist/nabanhe_splist.csv,FALSE
nbh,NA,土蜜树,Bridelia tomentosa,NA,NA,splist/nabanhe_splist.csv,FALSE
nbh,NA,土蜜藤,Bridelia stipularis,NA,NA,splist/nabanhe_splist.csv,FALSE
nbh,NA,土连翘,Hymenodictyon flaccidum,NA,NA,splist/nabanhe_splist.csv,FALSE
nbh,NA,垂叶榕,Ficus benjamina,NA,NA,splist/nabanhe_splist.csv,FALSE
nbh,NA,多脉樫木,Dysoxylum lukii,NA,NA,splist/nabanhe_splist.csv,FALSE
nbh,NA,多花山壳骨,Pseuderanthemum polyanthum,NA,NA,splist/nabanhe_splist.csv,FALSE
nbh,NA,多花梣,Fraxinus floribunda,NA,NA,splist/nabanhe_splist.csv,FALSE
nbh,NA,多花火索藤,NA,NA,NA,splist/nabanhe_splist.csv,TRUE
nbh,NA,多花白头树,Garuga floribunda var. gamblei,NA,NA,splist/nabanhe_splist.csv,FALSE
nbh,NA,多裂黄檀,Dalbergia rimosa,NA,NA,splist/nabanhe_splist.csv,FALSE
nbh,NA,大叶刺篱木,Flacourtia rukam,NA,NA,splist/nabanhe_splist.csv,FALSE
nbh,NA,大叶木兰,Lirianthe henryi,NA,NA,splist/nabanhe_splist.csv,FALSE
nbh,NA,大叶水榕,Ficus glaberrima,NA,NA,splist/nabanhe_splist.csv,FALSE
nbh,NA,大叶瓜馥木,Fissistigma latifolium,NA,NA,splist/nabanhe_splist.csv,FALSE
nbh,NA,大叶竹节树,Carallia garciniaefolia,NA,NA,splist/nabanhe_splist.csv,FALSE
nbh,NA,大叶素馨,Jasminum attenuatum,NA,NA,splist/nabanhe_splist.csv,FALSE
nbh,NA,大叶藤,Tinomiscium petiolare,NA,NA,splist/nabanhe_splist.csv,FALSE
nbh,NA,大叶藤黄,Garcinia xanthochymus,NA,NA,splist/nabanhe_splist.csv,FALSE
nbh,NA,大叶风吹楠,Horsfieldia kingii,NA,NA,splist/nabanhe_splist.csv,FALSE
nbh,NA,大叶鼠刺,Itea macrophylla,NA,NA,splist/nabanhe_splist.csv,FALSE
nbh,NA,大果刺篱木,Flacourtia ramontchii,NA,NA,splist/nabanhe_splist.csv,FALSE
nbh,NA,大果榕,Ficus auriculata,NA,NA,splist/nabanhe_splist.csv,FALSE
nbh,NA,大果臀果木,Pygeum macrocarpum,NA,NA,splist/nabanhe_splist.csv,FALSE
nbh,NA,大果青冈,Cyclobalanopsis rex,NA,NA,splist/nabanhe_splist.csv,FALSE
nbh,NA,大鱼藤树,Derris robusta,NA,NA,splist/nabanhe_splist.csv,FALSE
nbh,NA,天仙藤,Fibraurea recisa,NA,NA,splist/nabanhe_splist.csv,FALSE
nbh,NA,奶桑,Morus macroura,NA,NA,splist/nabanhe_splist.csv,FALSE
nbh,NA,定心藤,Mappianthus iodoides,NA,NA,splist/nabanhe_splist.csv,FALSE
nbh,NA,家麻树,Sterculia pexa,NA,NA,splist/nabanhe_splist.csv,FALSE
nbh,NA,密花树,Myrsine seguinii,NA,NA,splist/nabanhe_splist.csv,FALSE
nbh,NA,密花火筒树,Leea compactiflora,NA,NA,splist/nabanhe_splist.csv,FALSE
nbh,NA,密花藤,Pycnarrhena lucida,NA,NA,splist/nabanhe_splist.csv,FALSE
nbh,NA,密花豆,Spatholobus suberectus,NA,NA,splist/nabanhe_splist.csv,FALSE
nbh,NA,对叶榕,Ficus hispida,NA,NA,splist/nabanhe_splist.csv,FALSE
nbh,NA,小叶红叶藤,Rourea microphylla,NA,NA,splist/nabanhe_splist.csv,FALSE
nbh,NA,小果锥,Castanopsis fleuryi,NA,NA,splist/nabanhe_splist.csv,FALSE
nbh,NA,小芸木,Micromelum integerrimum,NA,NA,splist/nabanhe_splist.csv,FALSE
nbh,NA,小萼瓜馥木,Fissistigma minuticalyx,NA,NA,splist/nabanhe_splist.csv,FALSE
nbh,NA,小萼菜豆树,Radermachera microcalyx,NA,NA,splist/nabanhe_splist.csv,FALSE
nbh,NA,尖叶桂樱,Laurocerasus undulata,NA,NA,splist/nabanhe_splist.csv,FALSE
nbh,NA,尼泊尔桤木,Alnus nepalensis,NA,NA,splist/nabanhe_splist.csv,FALSE
nbh,NA,尾叶木蓝,Indigofera caudata,NA,NA,splist/nabanhe_splist.csv,FALSE
nbh,NA,尾叶鱼藤,Derris caudatilimba,NA,NA,splist/nabanhe_splist.csv,FALSE
nbh,NA,山地五月茶,Antidesma montanum,NA,NA,splist/nabanhe_splist.csv,FALSE
nbh,NA,山杜英,Elaeocarpus sylvestis,NA,NA,splist/nabanhe_splist.csv,FALSE
nbh,NA,山桂花,Bennettiodendron leprosipes var. leprosipes,NA,NA,splist/nabanhe_splist.csv,FALSE
nbh,NA,山楝,Aphanamixis polystachya,NA,NA,splist/nabanhe_splist.csv,FALSE
nbh,NA,山槐,Albizia kalkora,NA,NA,splist/nabanhe_splist.csv,FALSE
nbh,NA,山油柑,Acronychia pedunculata,NA,NA,splist/nabanhe_splist.csv,FALSE
nbh,NA,山黄麻,Trema tomentosa,NA,NA,splist/nabanhe_splist.csv,FALSE
nbh,NA,岗柃,Eurya groffii,NA,NA,splist/nabanhe_splist.csv,FALSE
nbh,NA,岭南臭椿,Ailanthus triphysa,NA,NA,splist/nabanhe_splist.csv,FALSE
nbh,NA,岭罗麦,Tarennoidea wallichii,NA,NA,splist/nabanhe_splist.csv,FALSE
nbh,NA,巴豆藤,Craspedolobium schochii,NA,NA,splist/nabanhe_splist.csv,FALSE
nbh,NA,帚序苎麻,Boehmeria zollingeriana,NA,NA,splist/nabanhe_splist.csv,FALSE
nbh,NA,常绿榆,Ulmus lanceaefolia,NA,NA,splist/nabanhe_splist.csv,FALSE
nbh,NA,幌伞枫,Heteropanax fragrans,NA,NA,splist/nabanhe_splist.csv,FALSE
nbh,NA,平叶酸藤子,Embelia undulata,NA,NA,splist/nabanhe_splist.csv,FALSE
nbh,NA,异色假卫矛,Microtropis discolor,NA,NA,splist/nabanhe_splist.csv,FALSE
nbh,NA,弯管花,Chasalia curviflora,NA,NA,splist/nabanhe_splist.csv,FALSE
nbh,NA,待鉴定种,NA,NA,NA,splist/nabanhe_splist.csv,TRUE
nbh,NA,待鉴定藤本,NA,NA,NA,splist/nabanhe_splist.csv,TRUE
nbh,NA,微毛布惊,Vitex quinata var. puberula,NA,NA,splist/nabanhe_splist.csv,FALSE
nbh,NA,思茅崖豆,Millettia leptobotrya,NA,NA,splist/nabanhe_splist.csv,FALSE
nbh,NA,思茅木姜子,Litsea pierrei var. lobata var. szemois,NA,NA,splist/nabanhe_splist.csv,FALSE
nbh,NA,思茅蒲桃,Syzygium szemaoense,NA,NA,splist/nabanhe_splist.csv,FALSE
nbh,NA,思茅黄肉楠,Actinodaphne henryi,NA,NA,splist/nabanhe_splist.csv,FALSE
nbh,NA,总序樫木,Dysoxylum laxiracemosum,NA,NA,splist/nabanhe_splist.csv,FALSE
nbh,NA,扁担藤,Tetrastigma planicaule,NA,NA,splist/nabanhe_splist.csv,FALSE
nbh,NA,披针叶楠,Phoebe lanceolata,NA,NA,splist/nabanhe_splist.csv,FALSE
nbh,NA,披针叶算盘子,Glochidion lanceolatum,NA,NA,splist/nabanhe_splist.csv,FALSE
nbh,NA,拱网核果木,Drypetes arcuatinervia,NA,NA,splist/nabanhe_splist.csv,FALSE
nbh,NA,斑果厚壳桂,Cryptocarya maculata,NA,NA,splist/nabanhe_splist.csv,FALSE
nbh,NA,斑果藤,Stixis suaveolens,NA,NA,splist/nabanhe_splist.csv,FALSE
nbh,NA,斯里兰卡天料木,Homalium ceylanicum var. ceylanicum,NA,NA,splist/nabanhe_splist.csv,FALSE
nbh,NA,显孔崖爬藤,Tetrastigma lenticellatum,NA,NA,splist/nabanhe_splist.csv,FALSE
nbh,NA,普文楠,Phoebe puwenensis,NA,NA,splist/nabanhe_splist.csv,FALSE
nbh,NA,暗叶润楠,Machilus melanophylla,NA,NA,splist/nabanhe_splist.csv,FALSE
nbh,NA,望谟崖摩,Amoora ouangliensis,NA,NA,splist/nabanhe_splist.csv,FALSE
nbh,NA,木奶果,Baccaurea ramilfora,NA,NA,splist/nabanhe_splist.csv,FALSE
nbh,NA,木紫珠,Callicarpa arborea,NA,NA,splist/nabanhe_splist.csv,FALSE
nbh,NA,木蝴蝶,Oroxylum indicum,NA,NA,splist/nabanhe_splist.csv,FALSE
nbh,NA,朴叶扁担杆,Grewia celtidifolia,NA,NA,splist/nabanhe_splist.csv,FALSE
nbh,NA,杂色榕,Ficus variegata,NA,NA,splist/nabanhe_splist.csv,FALSE
nbh,NA,杜英,Elaeocarpus decipiens,NA,NA,splist/nabanhe_splist.csv,FALSE
nbh,NA,杜虹花,Callicarpa formosana,NA,NA,splist/nabanhe_splist.csv,FALSE
nbh,NA,构树,Broussonetia papyifera,NA,NA,splist/nabanhe_splist.csv,FALSE
nbh,NA,枕果榕,Ficus drupacea,NA,NA,splist/nabanhe_splist.csv,FALSE
nbh,NA,林生杧果,Mangifera sylvatica,NA,NA,splist/nabanhe_splist.csv,FALSE
nbh,NA,枳椇,Hovenia acerba,NA,NA,splist/nabanhe_splist.csv,FALSE
nbh,NA,染木树,Saprosma ternatum,NA,NA,splist/nabanhe_splist.csv,FALSE
nbh,NA,柴桂,Cinnamomum tamala,NA,NA,splist/nabanhe_splist.csv,FALSE
nbh,NA,柴龙树,Apodytes dimidiata,NA,NA,splist/nabanhe_splist.csv,FALSE
nbh,NA,桢桐,NA,NA,NA,splist/nabanhe_splist.csv,TRUE
nbh,NA,棒果榕,Ficus subincisa,NA,NA,splist/nabanhe_splist.csv,FALSE
nbh,NA,棒柄花,Cleidion brevipetiolatum,NA,NA,splist/nabanhe_splist.csv,FALSE
nbh,NA,椆琼楠,Beilschmiedia roxburghiana,NA,NA,splist/nabanhe_splist.csv,FALSE
nbh,NA,椭圆线柱苣苔,Rhynchotechum ellipticum,NA,NA,splist/nabanhe_splist.csv,FALSE
nbh,NA,楝,Melia azedarach,NA,NA,splist/nabanhe_splist.csv,FALSE
nbh,NA,楹树,Albizia cbinensis,NA,NA,splist/nabanhe_splist.csv,FALSE
nbh,NA,榼藤,Entada phaseoloides,NA,NA,splist/nabanhe_splist.csv,FALSE
nbh,NA,槟榔青,Spondias pinnata,NA,NA,splist/nabanhe_splist.csv,FALSE
nbh,NA,樟叶木防己,Cocculus laurifolius,NA,NA,splist/nabanhe_splist.csv,FALSE
nbh,NA,橄榄,Canarium album,NA,NA,splist/nabanhe_splist.csv,FALSE
nbh,NA,歪叶榕,Ficus cyrtophylla,NA,NA,splist/nabanhe_splist.csv,FALSE
nbh,NA,毛八角枫,Alangium kurzii,NA,NA,splist/nabanhe_splist.csv,FALSE
nbh,NA,毛叶榄,Canarium subulatum,NA,NA,splist/nabanhe_splist.csv,FALSE
nbh,NA,毛叶油丹,Alseodaphne andersonii,NA,NA,splist/nabanhe_splist.csv,FALSE
nbh,NA,毛叶青冈,Cyclobalanopsis kerrii,NA,NA,splist/nabanhe_splist.csv,FALSE
nbh,NA,毛叶黄杞,Engelhardtia colebrookiana,NA,NA,splist/nabanhe_splist.csv,FALSE
nbh,NA,毛杜茎山,Maesa permollis,NA,NA,splist/nabanhe_splist.csv,FALSE
nbh,NA,毛果扁担杆,Grewia eriocarpa,NA,NA,splist/nabanhe_splist.csv,FALSE
nbh,NA,毛果算盘子,Glochidion eriocarpum,NA,NA,splist/nabanhe_splist.csv,FALSE
nbh,NA,毛果翼核果,Ventilago calyculata,NA,NA,splist/nabanhe_splist.csv,FALSE
nbh,NA,毛柘藤,Cudrania pubescens,NA,NA,splist/nabanhe_splist.csv,FALSE
nbh,NA,毛桐,Mallotus barbatus,NA,NA,splist/nabanhe_splist.csv,FALSE
nbh,NA,毛泡花树,Meliosma velutina,NA,NA,splist/nabanhe_splist.csv,FALSE
nbh,NA,毛猴欢喜,Sloanea tomentosa,NA,NA,splist/nabanhe_splist.csv,FALSE
nbh,NA,毛瓣无患子,Sapindus rarak,NA,NA,splist/nabanhe_splist.csv,FALSE
nbh,NA,毛车藤,Amalocalyx yunnanensis,NA,NA,splist/nabanhe_splist.csv,FALSE
nbh,NA,毛银柴,Aporusa villosa,NA,NA,splist/nabanhe_splist.csv,FALSE
nbh,NA,水东哥,Saurauia tristyla,NA,NA,splist/nabanhe_splist.csv,FALSE
nbh,NA,水同木,Ficus fistulosa,NA,NA,splist/nabanhe_splist.csv,FALSE
nbh,NA,水麻,Debregeasia orientalis,NA,NA,splist/nabanhe_splist.csv,FALSE
nbh,NA,江西夏藤,NA,NA,NA,splist/nabanhe_splist.csv,TRUE
nbh,NA,河口五层龙,Salacia obovatilimba,NA,NA,splist/nabanhe_splist.csv,FALSE
nbh,NA,油渣果,Hodgsonia macrocarpa,NA,NA,splist/nabanhe_splist.csv,FALSE
nbh,NA,油麻藤,NA,NA,NA,splist/nabanhe_splist.csv,TRUE
nbh,NA,波缘大参,Macropanax undulatus,NA,NA,splist/nabanhe_splist.csv,FALSE
nbh,NA,泥柯,Lithocarpus fenestratus,NA,NA,splist/nabanhe_splist.csv,FALSE
nbh,NA,浆果乌桕,Sapium baccatum,NA,NA,splist/nabanhe_splist.csv,FALSE
nbh,NA,浆果楝,Cipadessa baccifera,NA,NA,splist/nabanhe_splist.csv,FALSE
nbh,NA,海南崖豆藤,Millettia pachyloba,NA,NA,splist/nabanhe_splist.csv,FALSE
nbh,NA,海南破布叶,Microcos chungii,NA,NA,splist/nabanhe_splist.csv,FALSE
nbh,NA,润楠,Machilus pingii,NA,NA,splist/nabanhe_splist.csv,FALSE
nbh,NA,清明花,Beaumontia grandiflora,NA,NA,splist/nabanhe_splist.csv,FALSE
nbh,NA,湄公锥,Castanopsis mekongensis,NA,NA,splist/nabanhe_splist.csv,FALSE
nbh,NA,溪桫,Chisocheton paniculatus,NA,NA,splist/nabanhe_splist.csv,FALSE
nbh,NA,滇刺枣,Ziziphus mauritiana,NA,NA,splist/nabanhe_splist.csv,FALSE
nbh,NA,滇南山蚂蝗,Desmodium megaphyllum,NA,NA,splist/nabanhe_splist.csv,FALSE
nbh,NA,滇南新乌檀,Neonauclea tsaiana,NA,NA,splist/nabanhe_splist.csv,FALSE
nbh,NA,滇南木姜子,Litsea garrettii,NA,NA,splist/nabanhe_splist.csv,FALSE
nbh,NA,滇南杜英,Elaeocarpus austroyunnanensis,NA,NA,splist/nabanhe_splist.csv,FALSE
nbh,NA,滇南红厚壳,Calophyllum polyanthum,NA,NA,splist/nabanhe_splist.csv,FALSE
nbh,NA,滇新樟,Neocinnamomum caudatum,NA,NA,splist/nabanhe_splist.csv,FALSE
nbh,NA,滇糙叶树,Aphananthe cuspidata,NA,NA,splist/nabanhe_splist.csv,FALSE
nbh,NA,滇西蒲桃,Syzygium rockii,NA,NA,splist/nabanhe_splist.csv,FALSE
nbh,NA,滑桃树,Trewia nudiflora,NA,NA,splist/nabanhe_splist.csv,FALSE
nbh,NA,滨木患,Arytera littoralis,NA,NA,splist/nabanhe_splist.csv,FALSE
nbh,NA,潺槁木姜子,Litsea glutinosa,NA,NA,splist/nabanhe_splist.csv,FALSE
nbh,NA,火烧花,Mayodendron igneum,NA,NA,splist/nabanhe_splist.csv,FALSE
nbh,NA,火焰花,Phlogacanthus curviflorus,NA,NA,splist/nabanhe_splist.csv,FALSE
nbh,NA,火绳树,Eriolaena spectabilis,NA,NA,splist/nabanhe_splist.csv,FALSE
nbh,NA,烈味脚骨脆,Casearia graveolens var. graveolens,NA,NA,splist/nabanhe_splist.csv,FALSE
nbh,NA,牛枓吴萸,NA,NA,NA,splist/nabanhe_splist.csv,TRUE
nbh,NA,狗骨柴,Diplospora dubia,NA,NA,splist/nabanhe_splist.csv,FALSE
nbh,NA,独子藤,Celastrus monospermus,NA,NA,splist/nabanhe_splist.csv,FALSE
nbh,NA,狭叶一担柴,Colona thorelii,NA,NA,splist/nabanhe_splist.csv,FALSE
nbh,NA,狭叶杜英,NA,NA,NA,splist/nabanhe_splist.csv,TRUE
nbh,NA,狭叶黄檀,Dalbergia stenophylla,NA,NA,splist/nabanhe_splist.csv,FALSE
nbh,NA,猪肚木,Canthium horridum,NA,NA,splist/nabanhe_splist.csv,FALSE
nbh,NA,猴耳环,Archidendron clypearia,NA,NA,splist/nabanhe_splist.csv,FALSE
nbh,NA,环纹榕,Ficus annulata,NA,NA,splist/nabanhe_splist.csv,FALSE
nbh,NA,瑞丽山龙眼,Helicia shweliensis,NA,NA,splist/nabanhe_splist.csv,FALSE
nbh,NA,瑞丽润楠,Machilus shweliensis,NA,NA,splist/nabanhe_splist.csv,FALSE
nbh,NA,番龙眼,Pometia pinnata,NA,NA,splist/nabanhe_splist.csv,FALSE
nbh,NA,瘤枝榕,Ficus maclellandi,NA,NA,splist/nabanhe_splist.csv,FALSE
nbh,NA,白穗柯,Lithocarpus craibianus,NA,NA,splist/nabanhe_splist.csv,FALSE
nbh,NA,白肉榕,Ficus vasculosa,NA,NA,splist/nabanhe_splist.csv,FALSE
nbh,NA,白花羊蹄甲,Bauhinia acuminata,NA,NA,splist/nabanhe_splist.csv,FALSE
nbh,NA,白颜树,Gironniera subaequalis,NA,NA,splist/nabanhe_splist.csv,FALSE
nbh,NA,皮孔樫木,Dysoxylum lenticellatum,NA,NA,splist/nabanhe_splist.csv,FALSE
nbh,NA,直角荚蒾,Viburnum foetidum var. rectangulatum,NA,NA,splist/nabanhe_splist.csv,FALSE
nbh,NA,盾翅藤,Aspidopterys glabriuscula,NA,NA,splist/nabanhe_splist.csv,FALSE
nbh,NA,盾苞藤,Neuropeltis racemosa,NA,NA,splist/nabanhe_splist.csv,FALSE
nbh,NA,短刺锥,Castanopsis echidnocarpa,NA,NA,splist/nabanhe_splist.csv,FALSE
nbh,NA,短序厚壳桂,Cryptocarya brachythyrsa,NA,NA,splist/nabanhe_splist.csv,FALSE
nbh,NA,短柄苹婆,Sterculia brevissima,NA,NA,splist/nabanhe_splist.csv,FALSE
nbh,NA,短柄野桐,Mallotus decipiens,NA,NA,splist/nabanhe_splist.csv,FALSE
nbh,NA,石梓,Gmelina chinensis,NA,NA,splist/nabanhe_splist.csv,FALSE
nbh,NA,碟腺棋子豆,Cylindrokelupha kerrii,NA,NA,splist/nabanhe_splist.csv,FALSE
nbh,NA,秋枫,Bischofia javangca,NA,NA,splist/nabanhe_splist.csv,FALSE
nbh,NA,秧青,Dalbergia assamica,NA,NA,splist/nabanhe_splist.csv,FALSE
nbh,NA,米团花,Leucosceptrum canum,NA,NA,splist/nabanhe_splist.csv,FALSE
nbh,NA,粗丝木,Gomphandra tetrandra,NA,NA,splist/nabanhe_splist.csv,FALSE
nbh,NA,粗叶榕,Ficus hirta,NA,NA,splist/nabanhe_splist.csv,FALSE
nbh,NA,粗壮琼楠,Beilschmiedia robusta,NA,NA,splist/nabanhe_splist.csv,FALSE
nbh,NA,粗糠柴,Mallotus philippensis,NA,NA,splist/nabanhe_splist.csv,FALSE
nbh,NA,糖胶树,Alstonia scholaris,NA,NA,splist/nabanhe_splist.csv,FALSE
nbh,NA,糙叶树,Aphananthe aspera,NA,NA,splist/nabanhe_splist.csv,FALSE
nbh,NA,紫叶琼楠,Beilschmiedia purpurascens,NA,NA,splist/nabanhe_splist.csv,FALSE
nbh,NA,紫珠,Callicarpa bodinieri,NA,NA,splist/nabanhe_splist.csv,FALSE
nbh,NA,紫麻,Oreocnide frutescens,NA,NA,splist/nabanhe_splist.csv,FALSE
nbh,NA,红光树,Knema furfuracea,NA,NA,splist/nabanhe_splist.csv,FALSE
nbh,NA,红果樫木,Dysoxylum binectariferum,NA,NA,splist/nabanhe_splist.csv,FALSE
nbh,NA,红梗润楠,Machilus rufipes,NA,NA,splist/nabanhe_splist.csv,FALSE
nbh,NA,红椿,Toona ciliata,NA,NA,splist/nabanhe_splist.csv,FALSE
nbh,NA,红皮水锦树,Wendlandia tinctoria subsp. intermedia,NA,NA,splist/nabanhe_splist.csv,FALSE
nbh,NA,红紫麻,Oreocnide rubescens,NA,NA,splist/nabanhe_splist.csv,FALSE
nbh,NA,红花木犀榄,Olea rosea,NA,NA,splist/nabanhe_splist.csv,FALSE
nbh,NA,纤梗腺萼木,NA,NA,NA,splist/nabanhe_splist.csv,TRUE
nbh,NA,纽子果,NA,NA,NA,splist/nabanhe_splist.csv,TRUE
nbh,NA,细圆藤,Pericampylus glaucus,NA,NA,splist/nabanhe_splist.csv,FALSE
nbh,NA,细毛樟,Cinnamomum tenuipilum,NA,NA,splist/nabanhe_splist.csv,FALSE
nbh,NA,细毛润楠,Machilus tenuipila,NA,NA,splist/nabanhe_splist.csv,FALSE
nbh,NA,细齿樱桃,Cerasus serrula,NA,NA,splist/nabanhe_splist.csv,FALSE
nbh,NA,绒毛苹婆,Sterculia villosa,NA,NA,splist/nabanhe_splist.csv,FALSE
nbh,NA,网叶山胡椒,Lindera metcalfiana var. dictyophylla,NA,NA,splist/nabanhe_splist.csv,FALSE
nbh,NA,网脉核果木,NA,NA,NA,splist/nabanhe_splist.csv,TRUE
nbh,NA,网脉肉托果,Semecarpus reticulata,NA,NA,splist/nabanhe_splist.csv,FALSE
nbh,NA,罗浮锥,Castanopsis fabri,NA,NA,splist/nabanhe_splist.csv,FALSE
nbh,NA,罗甸沟瓣,Glyptopetalum feddei,NA,NA,splist/nabanhe_splist.csv,FALSE
nbh,NA,羊乳榕,Ficus sagittata,NA,NA,splist/nabanhe_splist.csv,FALSE
nbh,NA,美登木,Maytenus hookeri,NA,NA,splist/nabanhe_splist.csv,FALSE
nbh,NA,羽叶楸,Stereospermum colais,NA,NA,splist/nabanhe_splist.csv,FALSE
nbh,NA,羽叶白头树,Garuga pinnata,NA,NA,splist/nabanhe_splist.csv,FALSE
nbh,NA,翅子树,Pterospermum acerifolium,NA,NA,splist/nabanhe_splist.csv,FALSE
nbh,NA,翅果麻,Kydia calycina,NA,NA,splist/nabanhe_splist.csv,FALSE
nbh,NA,翅苹婆,Pterygota alata,NA,NA,splist/nabanhe_splist.csv,FALSE
nbh,NA,耳叶柯,Lithocarpus grandifolius,NA,NA,splist/nabanhe_splist.csv,FALSE
nbh,NA,肉实树,Sarcosperma laurinum,NA,NA,splist/nabanhe_splist.csv,FALSE
nbh,NA,肋果茶,Sladenia celastrifolia,NA,NA,splist/nabanhe_splist.csv,FALSE
nbh,NA,肾叶山蚂蝗,Desmodium renifolium,NA,NA,splist/nabanhe_splist.csv,FALSE
nbh,NA,胭脂,Artocarpus tonkinensis,NA,NA,splist/nabanhe_splist.csv,FALSE
nbh,NA,腋球苎麻,Boehmeria malabarica,NA,NA,splist/nabanhe_splist.csv,FALSE
nbh,NA,腺叶单籽暗罗,NA,NA,NA,splist/nabanhe_splist.csv,TRUE
nbh,NA,臀果木,Pygeum topengii,NA,NA,splist/nabanhe_splist.csv,FALSE
nbh,NA,艾纳香,Blumea balsamifera,NA,NA,splist/nabanhe_splist.csv,FALSE
nbh,NA,苍白秤钩风,Diploclisia glaucescens,NA,NA,splist/nabanhe_splist.csv,FALSE
nbh,NA,蒲桃,Syzygium jambos,NA,NA,splist/nabanhe_splist.csv,FALSE
nbh,NA,蓝叶藤,Marsdenia tinctoria,NA,NA,splist/nabanhe_splist.csv,FALSE
nbh,NA,薄叶润楠,Machilus leptophylla,NA,NA,splist/nabanhe_splist.csv,FALSE
nbh,NA,藤漆,Pegia nitida,NA,NA,splist/nabanhe_splist.csv,FALSE
nbh,NA,虎克粗叶木,Lasianthus hookeri var. hookeri,NA,NA,splist/nabanhe_splist.csv,FALSE
nbh,NA,蜡质水东哥,Saurauia cerea,NA,NA,splist/nabanhe_splist.csv,FALSE
nbh,NA,裂果金花,Schizomussaenda dehiscens,NA,NA,splist/nabanhe_splist.csv,FALSE
nbh,NA,西南木荷,NA,NA,NA,splist/nabanhe_splist.csv,TRUE
nbh,NA,西南猫尾木,Dolichandrone stipulata,NA,NA,splist/nabanhe_splist.csv,FALSE
nbh,NA,西川朴,Celtis vandervoetiana,NA,NA,splist/nabanhe_splist.csv,FALSE
nbh,NA,西桦,Betula alnoides,NA,NA,splist/nabanhe_splist.csv,FALSE
nbh,NA,见血飞,Caesalpinia cucullata,NA,NA,splist/nabanhe_splist.csv,FALSE
nbh,NA,象鼻藤,Dalbergia mimosoides,NA,NA,splist/nabanhe_splist.csv,FALSE
nbh,NA,贵州香花藤,Aganosma navaillei,NA,NA,splist/nabanhe_splist.csv,FALSE
nbh,NA,赛楠,Nothaphoebe cavaleriei,NA,NA,splist/nabanhe_splist.csv,FALSE
nbh,NA,赤瓟,Thladiantha dubia,NA,NA,splist/nabanhe_splist.csv,FALSE
nbh,NA,赤苍藤,Erythropalum scandens,NA,NA,splist/nabanhe_splist.csv,FALSE
nbh,NA,赪桐,Clerodendrum japonicum,NA,NA,splist/nabanhe_splist.csv,FALSE
nbh,NA,辛果漆,Drimycarpus racemosus,NA,NA,splist/nabanhe_splist.csv,FALSE
nbh,NA,连蕊藤,Parabaena sagittata,NA,NA,splist/nabanhe_splist.csv,FALSE
nbh,NA,醉鱼草,Buddleja lindleyana,NA,NA,splist/nabanhe_splist.csv,FALSE
nbh,NA,里白算盘子,Glochidion triandrum,NA,NA,splist/nabanhe_splist.csv,FALSE
nbh,NA,重阳木,Bischofia polycarpa,NA,NA,splist/nabanhe_splist.csv,FALSE
nbh,NA,野柿,Diospyros kaki var. silvestris,NA,NA,splist/nabanhe_splist.csv,FALSE
nbh,NA,野波罗蜜,Artocarpus lacucha,NA,NA,splist/nabanhe_splist.csv,FALSE
nbh,NA,野靛棵,Mananthes patentiflora,NA,NA,splist/nabanhe_splist.csv,FALSE
nbh,NA,金叶子,NA,NA,NA,splist/nabanhe_splist.csv,TRUE
nbh,NA,钝叶桂,Cinnamomum bejolghota,NA,NA,splist/nabanhe_splist.csv,FALSE
nbh,NA,钝叶黄檀,Dalbergia obtusifolia,NA,NA,splist/nabanhe_splist.csv,FALSE
nbh,NA,锈荚藤,Bauhinia erythropoda,NA,NA,splist/nabanhe_splist.csv,FALSE
nbh,NA,锥头麻,Poikilospermum suaveolens,NA,NA,splist/nabanhe_splist.csv,FALSE
nbh,NA,锯叶竹节树,Carallia diplopetala,NA,NA,splist/nabanhe_splist.csv,FALSE
nbh,NA,长叶柞木,Xylosma longifolium,NA,NA,splist/nabanhe_splist.csv,FALSE
nbh,NA,长叶金橘,NA,NA,NA,splist/nabanhe_splist.csv,TRUE
nbh,NA,长果木棉,Bombax insigne,NA,NA,splist/nabanhe_splist.csv,FALSE
nbh,NA,长柄油丹,Alseodaphne petiolaris,NA,NA,splist/nabanhe_splist.csv,FALSE
nbh,NA,长柱山丹,Duperrea pavettaefolia,NA,NA,splist/nabanhe_splist.csv,FALSE
nbh,NA,长梗三宝木,Trigonostemon thyrsoideus,NA,NA,splist/nabanhe_splist.csv,FALSE
nbh,NA,长籽马钱,Strychnos wallichiana,NA,NA,splist/nabanhe_splist.csv,FALSE
nbh,NA,阔叶蒲桃,Syzygium latilimbum,NA,NA,splist/nabanhe_splist.csv,FALSE
nbh,NA,韶子,Nephelium chryseum,NA,NA,splist/nabanhe_splist.csv,FALSE
nbh,NA,顶果木,Acrocarpus fraxinifolius,NA,NA,splist/nabanhe_splist.csv,FALSE
nbh,NA,风吹楠,Horsfieldia glabra,NA,NA,splist/nabanhe_splist.csv,FALSE
nbh,NA,飞龙掌血,Toddalia asiatica,NA,NA,splist/nabanhe_splist.csv,FALSE
nbh,NA,香港大沙叶,Pavetta hongkongensis,NA,NA,splist/nabanhe_splist.csv,FALSE
nbh,NA,香港樫木,Dysoxylum hongkongense,NA,NA,splist/nabanhe_splist.csv,FALSE
nbh,NA,香港鹰爪花,Artabotrys hongkongensis,NA,NA,splist/nabanhe_splist.csv,FALSE
nbh,NA,高山榕,Ficus altissima,NA,NA,splist/nabanhe_splist.csv,FALSE
nbh,NA,高檐蒲桃,Syzygium oblatum,NA,NA,splist/nabanhe_splist.csv,FALSE
nbh,NA,高砂悬钩子,Rubus nagasawanus,NA,NA,splist/nabanhe_splist.csv,FALSE
nbh,NA,髯毛八角枫,Alangium barbatum,NA,NA,splist/nabanhe_splist.csv,FALSE
nbh,NA,鳞片水麻,Debregeasia squamata,NA,NA,splist/nabanhe_splist.csv,FALSE
nbh,NA,鸡嗉子榕,NA,NA,NA,splist/nabanhe_splist.csv,TRUE
nbh,NA,鹧鸪花,Trichilia connaroides,NA,NA,splist/nabanhe_splist.csv,FALSE
nbh,NA,麻楝,Chukrasia tabularis,NA,NA,splist/nabanhe_splist.csv,FALSE
nbh,NA,黄杞,Engelhardtia roxburghiana,NA,NA,splist/nabanhe_splist.csv,FALSE
nbh,NA,黄棉木,Metadina trichotoma,NA,NA,splist/nabanhe_splist.csv,FALSE
nbh,NA,黄樟,Cinnamomum parthenoxylon,NA,NA,splist/nabanhe_splist.csv,FALSE
nbh,NA,黄毛豆腐柴,Premna fulva,NA,NA,splist/nabanhe_splist.csv,FALSE
nbh,NA,黄牛木,Cratoxylum cochinchinense,NA,NA,splist/nabanhe_splist.csv,FALSE
nbh,NA,黄花胡椒,Piper flaviflorum,NA,NA,splist/nabanhe_splist.csv,FALSE
nbh,NA,黄葛树,Ficus virens var. sublanceolata,NA,NA,splist/nabanhe_splist.csv,FALSE
nbh,NA,黑木姜子,Litsea atrata,NA,NA,splist/nabanhe_splist.csv,FALSE
nbh,NA,黑黄檀,Dalbergia fusca,NA,NA,splist/nabanhe_splist.csv,FALSE
nbh,NA,齿叶枇杷,Eriobotrya serrata,NA,NA,splist/nabanhe_splist.csv,FALSE
nbh,NA,龙果,Pouteria grandifolia,NA,NA,splist/nabanhe_splist.csv,FALSE
pdc,NA,东方茶藨子,Ribes orientale,NA,NA,splist/pdc_splist.csv,FALSE
pdc,NA,丽江云杉,Picea likiangensis,NA,NA,splist/pdc_splist.csv,FALSE
pdc,NA,云南双盾木,Dipelta yunnanensis,NA,NA,splist/pdc_splist.csv,FALSE
pdc,NA,云南小檗,Berberis yunnanensis,NA,NA,splist/pdc_splist.csv,FALSE
pdc,NA,云南杜鹃,Rhododendron yunnanense,NA,NA,splist/pdc_splist.csv,FALSE
pdc,NA,唐古特忍冬,Lonicera tangutica,NA,NA,splist/pdc_splist.csv,FALSE
pdc,NA,坡柳,Salix myrtillacea,NA,NA,splist/pdc_splist.csv,FALSE
pdc,NA,基毛杜鹃,Rhododendron rigidum,NA,NA,splist/pdc_splist.csv,FALSE
pdc,NA,宽钟杜鹃,Rhododendron beesianum,NA,NA,splist/pdc_splist.csv,FALSE
pdc,NA,小果茶藨子,Ribes vilmorinii,NA,NA,splist/pdc_splist.csv,FALSE
pdc,NA,康边茶藨子,Ribes kialanum,NA,NA,splist/pdc_splist.csv,FALSE
pdc,NA,扁刺蔷薇,Rosa sweginzowii,NA,NA,splist/pdc_splist.csv,FALSE
pdc,NA,栎叶杜鹃,Rhododendron phaeochrysum,NA,NA,splist/pdc_splist.csv,FALSE
pdc,NA,深灰槭,Acer caesium,NA,NA,splist/pdc_splist.csv,FALSE
pdc,NA,灰栒子,Cotoneaster acutifolius,NA,NA,splist/pdc_splist.csv,FALSE
pdc,NA,红桦,Betula albosinensis,NA,NA,splist/pdc_splist.csv,FALSE
pdc,NA,红棕杜鹃,Rhododendron rubiginosum,NA,NA,splist/pdc_splist.csv,FALSE
pdc,NA,细梗蔷薇,Rosa graciliflora,NA,NA,splist/pdc_splist.csv,FALSE
pdc,NA,细齿樱桃,Prunus serrula,NA,NA,splist/pdc_splist.csv,FALSE
pdc,NA,绒毛杜鹃,Rhododendron pachytrichum,NA,NA,splist/pdc_splist.csv,FALSE
pdc,NA,腹毛柳,Salix delavayana,NA,NA,splist/pdc_splist.csv,FALSE
pdc,NA,腺果杜鹃,Rhododendron davidii,NA,NA,splist/pdc_splist.csv,FALSE
pdc,NA,裂毛杜鹃,Rhododendron × sinosimulans,NA,NA,splist/pdc_splist.csv,FALSE
pdc,NA,西南花楸,Sorbus rehderiana,NA,NA,splist/pdc_splist.csv,FALSE
pdc,NA,铁包金,Berchemia lineata,NA,NA,splist/pdc_splist.csv,FALSE
pdc,NA,长苞冷杉,Abies georgei,NA,NA,splist/pdc_splist.csv,FALSE
pdc,NA,雪山杜鹃,Rhododendron aganniphum,NA,NA,splist/pdc_splist.csv,FALSE
pdc,NA,黄杯杜鹃,Rhododendron wardii,NA,NA,splist/pdc_splist.csv,FALSE
tt,FICERE,AXTXG_矮小天仙果,Ficus erecta,桑科,榕属,splist/ttsp.xlsx,FALSE
tt,MALAPE,BBY_白背叶,Mallotus apelta,大戟科,野桐属,splist/ttsp.xlsx,FALSE
tt,EUOCEN,BCWM_百齿卫矛,Euonymus centidens,卫矛科,卫矛属,splist/ttsp.xlsx,FALSE
tt,TARMOL,BHKDL_白花苦灯笼,Tarenna mollissima,茜草科,乌口树属,splist/ttsp.xlsx,FALSE
tt,MELRIG,BLZ_笔罗子,Meliosma rigida,清风藤科,泡花树属,splist/ttsp.xlsx,FALSE
tt,LITCOR,BPZ_豹皮樟,Litsea coreana var. sinensis,樟科,木姜子属,splist/ttsp.xlsx,FALSE
tt,SYMPAN,BT_白檀,Symplocos paniculata,山矾科,山矾属,splist/ttsp.xlsx,FALSE
tt,MACLEP,BYRN_薄叶润楠,Machilus leptophylla,樟科,润楠属,splist/ttsp.xlsx,FALSE
tt,SYMANO,BYSF_薄叶山矾,Symplocos anomala,山矾科,山矾属,splist/ttsp.xlsx,FALSE
tt,MUSESQ,CH_黐花,Mussaenda esquirolii,茜草科,玉叶金花属,splist/ttsp.xlsx,FALSE
tt,TETGLA,CLWY_臭辣吴萸,Tetradium glabrifolium,芸香科,四数花属,splist/ttsp.xlsx,FALSE
tt,VACTRI,CMYJ_刺毛越桔,Vaccinium trichocladum,杜鹃花科,越桔属,splist/ttsp.xlsx,FALSE
tt,SASTZU,CM_檫木,Sassafras tzumu,樟科,檫木属,splist/ttsp.xlsx,FALSE
tt,SYZBUX,CN_赤楠,Syzygium buxifolium,桃金娘科,蒲桃属,splist/ttsp.xlsx,FALSE
tt,CYCGIL,CPQG_赤皮青冈,Cyclobalanopsis gilva,壳斗科,青冈属,splist/ttsp.xlsx,FALSE
tt,KALSEP,CQ_刺楸,Kalopanax septemlobus,五加科,刺楸属,splist/ttsp.xlsx,FALSE
tt,LAUSPI,CYGY_刺叶桂樱,Laurocerasus spinulosa,蔷薇科,桂樱属,splist/ttsp.xlsx,FALSE
tt,ZANAIL,CYHJ_椿叶花椒,Zanthoxylum ailanthoides,芸香科,花椒属,splist/ttsp.xlsx,FALSE
tt,APHASP,CYS_糙叶树,Aphananthe aspera,榆科,糙叶树属,splist/ttsp.xlsx,FALSE
tt,ALNFOR,CYY_赤杨叶,Alniphyllum fortunei,野茉莉科,赤杨叶属,splist/ttsp.xlsx,FALSE
tt,CAMSIN,C_茶,Camellia sinensis,山茶科,山茶属,splist/ttsp.xlsx,FALSE
tt,PREMIC,DFC_豆腐柴,Premna microphylla,马鞭草科,豆腐柴属,splist/ttsp.xlsx,FALSE
tt,ILEBUE,DGDQ_短梗冬青,Ilex buergeri,冬青科,冬青属,splist/ttsp.xlsx,FALSE
tt,RHOSIM,DJ_杜鹃,Rhododendron simsii,杜鹃花科,杜鹃属,splist/ttsp.xlsx,FALSE
tt,ILECHI,DQ_冬青,Ilex chinensis,冬青科,冬青属,splist/ttsp.xlsx,FALSE
tt,CLECYR,DQ_大青,Clerodendrum cyrtophyllum,马鞭草科,大青属,splist/ttsp.xlsx,FALSE
tt,CORCON,DTS_灯台树,Cornus controversa,山茱萸科,山茱萸属,splist/ttsp.xlsx,FALSE
tt,ILELAT,DYDQ_大叶冬青,Ilex latifolia,冬青科,冬青属,splist/ttsp.xlsx,FALSE
tt,ZELSCH,DYJS_大叶榉树,Zelkova schneideriana,榆科,榉属,splist/ttsp.xlsx,FALSE
tt,CERSUB,DYZY_大叶早樱,Cerasus subhirtella,蔷薇科,樱属,splist/ttsp.xlsx,FALSE
tt,ELADEC,DY_杜英,Elaeocarpus decipiens,杜英科,杜英属,splist/ttsp.xlsx,FALSE
tt,TORGRA,FS_榧树,Torreya grandis,红豆杉科,榧树属,splist/ttsp.xlsx,FALSE
tt,LIQFOR,FXS_枫香树,Liquidambar formosana,金缕梅科,枫香树属,splist/ttsp.xlsx,FALSE
tt,DIPDUB,GGC_狗骨柴,Diplospora dubia,茜草科,狗骨柴属,splist/ttsp.xlsx,FALSE
tt,MACCOC,GJ_构棘,Maclura cochinchinensis,桑科,柘属,splist/ttsp.xlsx,FALSE
tt,LITHAR,GK_港柯,Lithocarpus harlandii,壳斗科,柯属,splist/ttsp.xlsx,FALSE
tt,SYMLUC,GLSF_光亮山矾,Symplocos lucida,山矾科,山矾属,splist/ttsp.xlsx,FALSE
tt,EURMUR,GYL_格药柃,Eurya muricata,山茶科,柃属,splist/ttsp.xlsx,FALSE
tt,SYMLAN,GYSF_光叶山矾,Symplocos lancifolia,山矾科,山矾属,splist/ttsp.xlsx,FALSE
tt,PHOGLA,GYSN_光叶石楠,Photinia glabra,蔷薇科,石楠属,splist/ttsp.xlsx,FALSE
tt,GLOWIL,HBSPZ_湖北算盘子,Glochidion wilsonii,大戟科,算盘子属,splist/ttsp.xlsx,FALSE
tt,CRAHUP,HBSZ_湖北山楂,Crataegus hupehensis,蔷薇科,山楂属,splist/ttsp.xlsx,FALSE
tt,CLEJAP,HDB_红淡比,Cleyera japonica,山茶科,红淡比属,splist/ttsp.xlsx,FALSE
tt,ILLLAN,HDH_红毒茴,Illicium lanceolatum,八角科,八角属,splist/ttsp.xlsx,FALSE
tt,LITELO,HDMJZ_黄丹木姜子,Litsea elongata,樟科,木姜子属,splist/ttsp.xlsx,FALSE
tt,LINERY,HGSHJ_红果山胡椒,Lindera erythrocarpa,樟科,山胡椒属,splist/ttsp.xlsx,FALSE
tt,PITILL,HJZ_海金子,Pittosporum illicioides,海桐科,海桐花属,splist/ttsp.xlsx,FALSE
tt,EHRACU,HKS_厚壳树,Ehretia acuminata,紫草科,厚壳树属,splist/ttsp.xlsx,FALSE
tt,CLECAN,HMDQ_灰毛大青,Clerodendrum canescens,马鞭草科,大青属,splist/ttsp.xlsx,FALSE
tt,LINRUB,HMDZ_红脉钓樟,Lindera rubronervia,樟科,山胡椒属,splist/ttsp.xlsx,FALSE
tt,ARACHI,HMSM_黄毛楤木,Aralia chinensis,五加科,楤木属,splist/ttsp.xlsx,FALSE
tt,SYMCOC,HNNS_黄牛奶树,Symplocos cochinchinensis var. laurina,山矾科,山矾属,splist/ttsp.xlsx,FALSE
tt,MACTHU,HN_红楠,Machilus thunbergii,樟科,润楠属,splist/ttsp.xlsx,FALSE
tt,DAPOLD,HPN_虎皮楠,Daphniphyllum oldhami,交让木科,虎皮楠属,splist/ttsp.xlsx,FALSE
tt,TERGYM,HPX_厚皮香,Ternstroemia gymnanthera,山茶科,厚皮香属,splist/ttsp.xlsx,FALSE
tt,JUGMAN,HTQ_胡桃楸,Juglans mandshurica,胡桃科,胡桃属,splist/ttsp.xlsx,FALSE
tt,ELAPUN,HTZ_胡颓子,Elaeagnus pungens,胡颓子科,胡颓子属,splist/ttsp.xlsx,FALSE
tt,DALHUP,HT_黄檀,Dalbergia hupeana,豆科,黄檀属,splist/ttsp.xlsx,FALSE
tt,PLASTR,HXS_化香树,Platycarya strobilacea,胡桃科,化香树属,splist/ttsp.xlsx,FALSE
tt,CYCSTE,HYQG_褐叶青冈,Cyclobalanopsis stewardiana,壳斗科,青冈属,splist/ttsp.xlsx,FALSE
tt,MELOLD,HZC_红枝柴,Meliosma oldhamii,清风藤科,泡花树属,splist/ttsp.xlsx,FALSE
tt,ULMCHA,HZY_杭州榆,Ulmus changii,榆科,榆属,splist/ttsp.xlsx,FALSE
tt,CALCAT,HZZ_华紫珠,Callicarpa cathayana,马鞭草科,紫珠属,splist/ttsp.xlsx,FALSE
tt,ARAECH,JJSM_棘茎楤木,Aralia echinocaulis,五加科,楤木属,splist/ttsp.xlsx,FALSE
tt,LORCHI,JM_檵木,Loropetalum chinense,金缕梅科,檵木属,splist/ttsp.xlsx,FALSE
tt,VACMAN,JNYJ_江南越桔,Vaccinium mandarinorum,杜鹃花科,越桔属,splist/ttsp.xlsx,FALSE
tt,SINRAC,JZM_鸡仔木,Sinoadina racemosa,茜草科,鸡仔木属,splist/ttsp.xlsx,FALSE
tt,FRAINS,KLM_苦枥木,Fraxinus insularis,木犀科,陉属,splist/ttsp.xlsx,FALSE
tt,CASFAR,KS_栲树,Castanopsis fargesii,壳斗科,栲属,splist/ttsp.xlsx,FALSE
tt,CASSCL,KZ_苦槠,Castanopsis sclerophylla,壳斗科,栲属,splist/ttsp.xlsx,FALSE
tt,LITGLA,K_柯,Lithocarpus glaber,壳斗科,柯属,splist/ttsp.xlsx,FALSE
tt,CARVIM,LGéěL_雷公鹅耳枥,Carpinus viminea,桦木科,鹅耳枥属,splist/ttsp.xlsx,FALSE
tt,SYMSTE,LSS_老鼠矢,Symplocos stellaris,山矾科,山矾属,splist/ttsp.xlsx,FALSE
tt,CALGIR,LYH_老鸦糊,Callicarpa giraldii,马鞭草科,紫珠属,splist/ttsp.xlsx,FALSE
tt,MELAZE,L_楝,Melia azedarach?Linn.,楝科,楝属,splist/ttsp.xlsx,FALSE
tt,ALAKUR,MBJF_毛八角枫,Alangium kurzii,八角枫科,八角枫属,splist/ttsp.xlsx,FALSE
tt,TETRUT,MGWY_密果吴萸,Tetradium ruticarpum,芸香科,四数花属,splist/ttsp.xlsx,FALSE
tt,CAMFRA,MHLRC_毛花连蕊茶,Camellia fraterna,山茶科,山茶属,splist/ttsp.xlsx,FALSE
tt,SCHSUP,MH_木荷,Schima superba,山茶科,木荷属,splist/ttsp.xlsx,FALSE
tt,TOXSYL,MLS_木蜡树,Toxicodendron sylvestre,漆树科,漆树属,splist/ttsp.xlsx,FALSE
tt,ACEPUB,MMQ_毛脉槭,Acer pubinerve,槭树科,槭属,splist/ttsp.xlsx,FALSE
tt,OSMFRA,MX_木犀,Osmanthus fragrans,木犀科,木犀属,splist/ttsp.xlsx,FALSE
tt,RHOOVA,MYH_马银花,Rhododendron ovatum,杜鹃花科,杜鹃属,splist/ttsp.xlsx,FALSE
tt,CASCAR,MZ_米槠,Castanopsis carlesii,壳斗科,栲属,splist/ttsp.xlsx,FALSE
tt,OSMCOO,NBMX_宁波木犀,Osmanthus cooperi,木犀科,木犀属,splist/ttsp.xlsx,FALSE
tt,FORSIN,NBS_牛鼻栓,Fortunearia sinensis?Rchd. et Wils.,金缕梅科,牛鼻栓属,splist/ttsp.xlsx,FALSE
tt,TILMIQ,NJD_南京椴,Tilia miqueliana,椴树科,椴树属,splist/ttsp.xlsx,FALSE
tt,CHOAXI,NSZ_南酸枣,Choerospondias axillaris,漆树科,南酸枣属,splist/ttsp.xlsx,FALSE
tt,NANDOM,NTZ_南天竹,Nandina domestica,小檗科,南天竹属,splist/ttsp.xlsx,FALSE
tt,VACBRA,NZ_南烛,Vaccinium bracteatum,杜鹃花科,越桔属,splist/ttsp.xlsx,FALSE
tt,MACPAU,PHRN_刨花润楠,Machilus pauhoi,樟科,润楠属,splist/ttsp.xlsx,FALSE
tt,CELSIN,PS_朴树,Celtis sinensis,榆科,朴属,splist/ttsp.xlsx,FALSE
tt,CYCGLA,QG_青冈,Cyclobalanopsis glauca,壳斗科,青冈属,splist/ttsp.xlsx,FALSE
tt,PHYGLA,QHYXZ_青灰叶下珠,Phyllanthus glaucus,大戟科,叶下珠属,splist/ttsp.xlsx,FALSE
tt,SCHJAS,QPM_青皮木,Schoepfia jasminodora,铁青树科,青皮木属,splist/ttsp.xlsx,FALSE
tt,CYCPAL,QQL_青钱柳,Cyclocarya paliurus,胡桃科,青钱柳属,splist/ttsp.xlsx,FALSE
tt,AIDCOC,QS_茜树,Aidia cochinchinensis,茜草科,茜树属,splist/ttsp.xlsx,FALSE
tt,ACEACU,RJQ_锐角槭,Acer acutum,槭树科,槭属,splist/ttsp.xlsx,FALSE
tt,RHAIND,SBM_石斑木,Rhaphiolepis indica,蔷薇科,石斑木属,splist/ttsp.xlsx,FALSE
tt,CAMJAP,SC_山茶,Camellia japonica,山茶科,山茶属,splist/ttsp.xlsx,FALSE
tt,SYMSUM,SF_山矾,Symplocos sumuntia,山矾科,山矾属,splist/ttsp.xlsx,FALSE
tt,LINGLA,SHJ_山胡椒,Lindera glauca,樟科,山胡椒属,splist/ttsp.xlsx,FALSE
tt,ALBKAL,SH_山槐,Albizia kalkora,豆科,合欢属,splist/ttsp.xlsx,FALSE
tt,LITCUB,SJJ_山鸡椒,Litsea cubeba,樟科,木姜子属,splist/ttsp.xlsx,FALSE
tt,ACEBUE,SJQ_三角槭,Acer buergerianum,槭树科,槭属,splist/ttsp.xlsx,FALSE
tt,CEPFOR,SJS_三尖杉,Cephalotaxus fortunei?Hook.,三尖杉科,三尖杉属,splist/ttsp.xlsx,FALSE
tt,CUNLAN,SM_杉木,Cunninghamia lanceolata,杉科,杉木属,splist/ttsp.xlsx,FALSE
tt,STYCON,SSM_赛山梅,Styrax confusus,野茉莉科,安息香属,splist/ttsp.xlsx,FALSE
tt,DIOJAP,SS_山柿,Diospyros japonica,柿科,柿树属,splist/ttsp.xlsx,FALSE
tt,IDEPOL,STZ_山桐子,Idesia polycarpa,大风子科,山桐子属,splist/ttsp.xlsx,FALSE
tt,TRECAN,SYM_山油麻,Trema cannabina var. dielsiana,榆科,山黄麻属,splist/ttsp.xlsx,FALSE
tt,STYSUB,SYāXX_栓叶安息香,Styrax suberifolius,野茉莉科,安息香属,splist/ttsp.xlsx,FALSE
tt,CORKOU,SZH_四照花,Cornus kousa subsp. Chinensis,山茱萸科,山茱萸属,splist/ttsp.xlsx,FALSE
tt,ILEROT,TDQ_铁冬青,Ilex rotunda,冬青科,冬青属,splist/ttsp.xlsx,FALSE
tt,CALRUB,THZZ_秃红紫珠,Callicarpa rubella var. subglabra,马鞭草科,紫珠属,splist/ttsp.xlsx,FALSE
tt,MAGAMO,TMML_天目木兰,Magnolia amoena,木兰科,木兰属,splist/ttsp.xlsx,FALSE
tt,SAPSAP,WHZ_无患子,Sapindus saponaria,无患子科,无患子属,splist/ttsp.xlsx,FALSE
tt,ILEHYL,XCGG_细刺枸骨,Ilex hylonoma,冬青科,冬青属,splist/ttsp.xlsx,FALSE
tt,CELVAN,XCP_西川朴,Celtis vandervoetiana,榆科,朴属,splist/ttsp.xlsx,FALSE
tt,ILEMIC,XGDQ_小果冬青,Ilex micrococca,冬青科,冬青属,splist/ttsp.xlsx,FALSE
tt,CINSUB,XG_香桂,Cinnamomum subavenium,樟科,樟属,splist/ttsp.xlsx,FALSE
tt,LIGSIN,XL_小蜡,Ligustrum sinense,木犀科,女贞属,splist/ttsp.xlsx,FALSE
tt,LAUPHA,XYGY_腺叶桂樱,Laurocerasus phaeosticta,蔷薇科,桂樱属,splist/ttsp.xlsx,FALSE
tt,CYCMYR,XYQG_小叶青冈,Cyclobalanopsis myrsinaefolia,壳斗科,青冈属,splist/ttsp.xlsx,FALSE
tt,CYCGRA,XYQG_细叶青冈,Cyclobalanopsis gracilis,壳斗科,青冈属,splist/ttsp.xlsx,FALSE
tt,PHOPAR,XYSN_小叶石楠,Photinia parvifolia,蔷薇科,石楠属,splist/ttsp.xlsx,FALSE
tt,POPADE,XYY_响叶杨,Populus adenopoda,杨柳科,杨属,splist/ttsp.xlsx,FALSE
tt,EURLOQ,XZL_细枝柃,Eurya loquaiana,山茶科,柃属,splist/ttsp.xlsx,FALSE
tt,VIBERO,YCJM_宜昌荚蒾,Viburnum erosum,忍冬科,荚蒾属,splist/ttsp.xlsx,FALSE
tt,CERDIS,YCYT_迎春樱桃,Cerasus discoidea,蔷薇科,樱属,splist/ttsp.xlsx,FALSE
tt,RHUCHI,YFM_盐肤木,Rhus chinensis,漆树科,盐肤木属,splist/ttsp.xlsx,FALSE
tt,DISMYR,YMYWMS_杨梅叶蚊母树,Distylium myricoides,金缕梅科,蚊母树属,splist/ttsp.xlsx,FALSE
tt,MYRRUB,YM_杨梅,Myrica rubra,杨梅科,杨梅属,splist/ttsp.xlsx,FALSE
tt,TOXSUC,YQS_野漆树,Toxicodendron succedaneum,漆树科,漆树属,splist/ttsp.xlsx,FALSE
tt,CYCSES,YSQG_云山青冈,Cyclobalanopsis sessilifolia,壳斗科,青冈属,splist/ttsp.xlsx,FALSE
tt,DIOOLE,YS_油柿,Diospyros oleifera,柿科,柿树属,splist/ttsp.xlsx,FALSE
tt,VERFOR,YT_油桐,Vernicia fordii,大戟科,油桐属,splist/ttsp.xlsx,FALSE
tt,MALJAP,YT_野桐,Mallotus japonicus var. floccosus,大戟科,野桐属,splist/ttsp.xlsx,FALSE
tt,GINBIL,YX_银杏,Ginkgo biloba,银杏科,银杏属,splist/ttsp.xlsx,FALSE
tt,EUSJAP,YYC_野鸦椿,Euscaphis japonica,省沽油科,野鸦椿属,splist/ttsp.xlsx,FALSE
tt,ILEKEN,ZBDQ_皱柄冬青,Ilex kengii,冬青科,冬青属,splist/ttsp.xlsx,FALSE
tt,CELBIO,ZDS_紫弹树,Celtis biondii,榆科,朴属,splist/ttsp.xlsx,FALSE
tt,ELACHI,ZHDY_中华杜英,Elaeocarpus chinensis,杜英科,杜英属,splist/ttsp.xlsx,FALSE
tt,PHOBEA,ZHSN_中华石楠,Photinia beauverdiana,蔷薇科,石楠属,splist/ttsp.xlsx,FALSE
tt,EUONIT,ZHWM_中华卫矛,Euonymus nitidus,卫矛科,卫矛属,splist/ttsp.xlsx,FALSE
tt,EURRUB,ZJHHL_窄基红褐柃,Eurya rubiginosa var. attenuata,山茶科,柃属,splist/ttsp.xlsx,FALSE
tt,NEOAUR,ZJXMJZ_浙江新木姜子,Neolitsea aurata var. chekiangensis,樟科,新木姜子属,splist/ttsp.xlsx,FALSE
tt,HOVACE,ZJ_枳椇,Hovenia acerba,鼠李科,枳椇属,splist/ttsp.xlsx,FALSE
tt,TRAFOR,ZL_棕榈,Trachycarpus fortunei,棕榈科,棕榈属,splist/ttsp.xlsx,FALSE
tt,OREFRU,ZM_紫麻,Oreocnide frutescens,荨麻科,紫麻属,splist/ttsp.xlsx,FALSE
tt,PHOSHE,ZN_紫楠,Phoebe sheareri,樟科,楠属,splist/ttsp.xlsx,FALSE
tt,BUDLIN,ZYC_醉鱼草,Buddleja lindleyana,马钱科,醉鱼草属,splist/ttsp.xlsx,FALSE
tt,RHACRE,ZYDL_长叶冻绿,Rhamnus crenata,鼠李科,鼠李属,splist/ttsp.xlsx,FALSE
tt,SYMBOT,ZZSF_总状山矾,Symplocos botryantha,山矾科,山矾属,splist/ttsp.xlsx,FALSE
tt,GARJAS,ZZ_栀子,Gardenia jasminoides,茜草科,栀子属,splist/ttsp.xlsx,FALSE
tt,MACTRI,Z_柘,Maclura tricuspidata,桑科,柘属,splist/ttsp.xlsx,FALSE
tt,CINCAM,Z_樟,Cinnamomum camphora,樟科,樟属,splist/ttsp.xlsx,FALSE
